material_id,full_formula,candidate
mp-1000,Ba1Te1,1.0
mp-1002124,Hf1C1,1.0
mp-1002164,Ge1C1,1.0
mp-10064,Si1O2,1.0
mp-1006878,Ba1O2,1.0
mp-10074,Ge2Se4,1.0
mp-1008223,Ca1Se1,1.0
mp-1008395,C4,1.0
mp-1008500,Ba2O2,1.0
mp-1008677,Ti1O2,1.0
mp-1008680,Ti1Ge1Pt1,1.0
mp-1008776,Sr1C2,1.0
mp-1008785,Ru1O2,1.0
mp-1008786,Mg1Te1,1.0
mp-1009127,Mg1O1,1.0
mp-1009129,Mg1O1,1.0
mp-1009653,Ca1C2,1.0
mp-1009730,Ca2Sn1,1.0
mp-1009733,Ca2Si1,1.0
mp-1009755,Ca2Ge1,1.0
mp-1009756,Ca2Pb1,1.0
mp-1009792,Ru1C1,1.0
mp-1009813,Si1Sn1,1.0
mp-1009819,Sr1O1,1.0
mp-1009820,Sn1C1,1.0
mp-1009894,Zr1C1,1.0
mp-1017439,Sr1Si1O3,1.0
mp-1017510,Mg2Te2,1.0
mp-1017988,Sr1Ca1O2,1.0
mp-1018030,Sr2S1O1,1.0
mp-1018089,Ca1Zn1Se2,1.0
mp-1018097,Ba1Ca1O2,1.0
mp-1018115,Pb2S2,1.0
mp-1018141,Ba1C2,1.0
mp-1018639,Ti1Sn1O3,1.0
mp-1018721,Hf2O4,1.0
mp-1018807,Mo2Se4,1.0
mp-1018809,Mo2S4,1.0
mp-1019322,Te4W2,1.0
mp-1019541,Ba1Ca3O4,1.0
mp-1019544,Ba2Zr2O6,1.0
mp-1019548,Ba4Ge4S24O84,1.0
mp-1019549,Ba4Mg8Si8O28,1.0
mp-1019557,Ba2S8O26,1.0
mp-1019558,Ba1Sr2Mg1Si2O8,1.0
mp-1019561,Ca4Ge2O8,1.0
mp-1019562,Ca4Si2O8,1.0
mp-1019564,Ca6Ge2O1,1.0
mp-1019570,Ca32Si20O72,1.0
mp-1019580,Ca4Mg4Si8O24,1.0
mp-1019581,Ca4S12O40,1.0
mp-1020110,Mg8Si4O16,1.0
mp-1020114,Mg4Si8O20,1.0
mp-1020122,Mg2S4O14,1.0
mp-1020123,Mg16Si16O48,1.0
mp-1020124,Mg16Si16O48,1.0
mp-1020578,Sr4S3O1,1.0
mp-1020588,Zr2Si2O8,1.0
mp-1020594,Zn8Si4O16,1.0
mp-1020609,Zn8Si4O16,1.0
mp-1020610,Zn8Si4O16,1.0
mp-1020612,Sr4Si2S16O56,1.0
mp-1020622,Sr2Zr2O6,1.0
mp-1020623,Zn2Si2O6,1.0
mp-1020636,Zn16Si8O32,1.0
mp-1020704,Sr4Ge2S16O56,1.0
mp-1020717,Zn8Si4O16,1.0
mp-1020721,Zn8Si4O16,1.0
mp-10293,Ba2C4,1.0
mp-10299,Ca8Pd2O12,1.0
mp-10341,Sr1Ge1Te1O6,1.0
mp-10497,Sr2C4,1.0
mp-1056418,Sr1,1.0
mp-1061823,Ca1C2,1.0
mp-10627,Sr1S1,1.0
mp-1063670,Pb2Se2,1.0
mp-1064497,Sn2S2,1.0
mp-10653,Sr1Te1,1.0
mp-1065577,Mg2O2,1.0
mp-1067627,Pb2S2,1.0
mp-1067933,Pb2S2,1.0
mp-10680,Ba1Se1,1.0
mp-1068577,Zr1Pb1O3,1.0
mp-10695,Zn1S1,1.0
mp-1071032,Ge2S4,1.0
mp-1071625,C2Se4,1.0
mp-1072104,Ge2O4,1.0
mp-10759,Ge1Se1,1.0
mp-10760,Mg1Se1,1.0
mp-1077316,C2O4,1.0
mp-1077823,Te2O4,1.0
mp-1077906,C2O4,1.0
mp-1078191,Ba4Te2O2,1.0
mp-1078391,Ca1Zn1C2O6,1.0
mp-1078410,Ba2Zn1Te1O6,1.0
mp-1078500,Pb4S4,1.0
mp-1078539,Sr2Mg1Mo1O6,1.0
mp-1078671,Sr2Ca1W1O6,1.0
mp-1078696,Pb4S4,1.0
mp-1078845,C8,1.0
mp-1078915,Ba3Ca1O4,1.0
mp-1078995,Sr2Mg1Te1O6,1.0
mp-1079172,Pb4Se4,1.0
mp-1079207,Ti3O6,1.0
mp-1079574,Te4Pb4,1.0
mp-1079594,Ca3Zn1Se4,1.0
mp-1079707,Ca4O4,1.0
mp-1079778,Sr2Zn1W1O6,1.0
mp-1079788,Sr4S1O3,1.0
mp-1079882,Ba3Sr1O4,1.0
mp-1079918,Ca2C2O6,1.0
mp-1079940,Sr3Ca1O4,1.0
mp-1079971,Sr2Zn1Mo1O6,1.0
mp-1080028,Sr2Zr1Ti1O6,1.0
mp-1080511,Ba1Mg1C2O4,1.0
mp-1080575,Sr2Zr2O6,1.0
mp-1080826,C8,1.0
mp-1084796,Ca1Zn3Se4,1.0
mp-10851,Si3O6,1.0
mp-1087,Sr1S1,1.0
mp-1087486,Pb4S4,1.0
mp-10913,Ge4O8,1.0
mp-1091375,Pb4S4,1.0
mp-1091399,O8,1.0
mp-10948,Si4O8,1.0
mp-1095230,Ca2Se2O8,1.0
mp-1095269,Si12,1.0
mp-1095294,Si4S8,1.0
mp-1095315,Ba2W2O8,1.0
mp-1095397,Sn4S8,1.0
mp-1095420,Zn2Mo2O8,1.0
mp-1095453,Ti2Si2O8,1.0
mp-1095481,Ti2Si2O8,1.0
mp-1095534,C12,1.0
mp-1095622,Zr1Mo2O8,1.0
mp-1095633,C12,1.0
mp-1101930,Mg6O6,1.0
mp-1102087,Te4O8,1.0
mp-1102227,C4O8,1.0
mp-1102255,Ti4O8,1.0
mp-1102442,O12,1.0
mp-1102515,Zn4Se8,1.0
mp-1102591,Ti4O8,1.0
mp-1102717,Ba2W2O8,1.0
mp-1102743,Zn4S8,1.0
mp-1103475,Te4O8,1.0
mp-1103554,Ba1Ca2Mg1Si2O8,1.0
mp-1103590,Mg4Se8,1.0
mp-1103830,Zn4Sn2O8,1.0
mp-1103987,Mg4Si2O8,1.0
mp-1104926,Sr4Si2S8,1.0
mp-1105,Ba1O2,1.0
mp-1105272,Sr4Zn2W2O12,1.0
mp-1105549,Ba4Hf4S12,1.0
mp-1105697,Pb4C4O12,1.0
mp-1105700,Te2Pb4O10,1.0
mp-1105917,Ca1Ti4Pd3O12,1.0
mp-1115,Pt1Se2,1.0
mp-11191,Cr3Si6,1.0
mp-11684,Si8O16,1.0
mp-1170,Sn1S2,1.0
mp-11725,C2O4,1.0
mp-1172828,W8O24,1.0
mp-11736,Zr2Si2O8,1.0
mp-1179089,Sr4O8,1.0
mp-1179125,Se4O12,1.0
mp-1179320,Sr24Te24O72,1.0
mp-1179835,Pb2C8O8,1.0
mp-1180216,Mo2O6,1.0
mp-1180312,Mg8O8,1.0
mp-1181994,C4O4,1.0
mp-1182093,Ba2Pd2O10,1.0
mp-1182212,Ca16Si8O40,1.0
mp-1183370,Ba4Sn4S12,1.0
mp-1186,Zr1S2,1.0
mp-11875,C4O4,1.0
mp-1188095,Sn4Pb4S12,1.0
mp-1188220,Si6O12,1.0
mp-1189858,Ba4Hf3S10,1.0
mp-1190,Zn1Se1,1.0
mp-1190021,Te6O12,1.0
mp-1190098,Ca4Hf4S12,1.0
mp-1190171,C16,1.0
mp-1190186,Zr8O16,1.0
mp-11902,Ba4Ge2Se8,1.0
mp-1190360,Ca4Se4O16,1.0
mp-1190380,Ba8Zn4Te12,1.0
mp-1190383,Ca4W4O16,1.0
mp-1190528,Ba8Zn4Se12,1.0
mp-1190533,Mg12O12,1.0
mp-1190545,Ba4Mg2Ge4O14,1.0
mp-1190549,Ge8O16,1.0
mp-1190568,Ba4S4O16,1.0
mp-1190622,Ba4Cr4O16,1.0
mp-1190623,Ba8Zn4S12,1.0
mp-1190675,Ba8Si8C8,1.0
mp-1190685,C8O16,1.0
mp-1190699,C8O16,1.0
mp-1190753,Ti8O16,1.0
mp-1190949,Ba4Zn2Ge4O14,1.0
mp-1190981,Sr8Zn4S12,1.0
mp-1191240,Sr4Zn2Si4O14,1.0
mp-1191311,Ba4Mg2Si4O14,1.0
mp-1191364,W6O18,1.0
mp-1191549,Zr2S4O18,1.0
mp-1191774,Ba8Si8C8,1.0
mp-1191789,Mg12O12,1.0
mp-1191802,Mg2C8O12,1.0
mp-1192043,Mg12O12,1.0
mp-1192077,Ba8C16,1.0
mp-1192189,Mg12O12,1.0
mp-1192417,Ba4Ge4Pb4O16,1.0
mp-1192564,Mg8Ge4Se16,1.0
mp-1192582,Mg8Si4Se16,1.0
mp-1192595,Ba8Sn4Se16,1.0
mp-1192743,Sr4Ge4Pb4O16,1.0
mp-1193611,Ba4Te4S12O8,1.0
mp-1193963,Mg8Si4S16,1.0
mp-1194160,Ba2Hf2Si6O18,1.0
mp-1194183,Ca8Si4Se16,1.0
mp-1194203,Sr8Sn4O16,1.0
mp-1194399,Ca6C6O18,1.0
mp-1194773,Si12S24,1.0
mp-1195016,Ba4Te16O36,1.0
mp-1195118,Ba4Te12O28,1.0
mp-1195265,Si96O192,1.0
mp-1195469,Ba8Ge8S24,1.0
mp-1196196,Ni2Ru10C34O32,1.0
mp-1196224,Ba24Sn24Se52,1.0
mp-1196583,C240,1.0
mp-1196932,Pb8C4S8O24,1.0
mp-1196961,Si40,1.0
mp-1196979,Mo4Pb4Se4O24,1.0
mp-1197006,Zr4S4O24,1.0
mp-1197010,Sr10Ti18O46,1.0
mp-1197230,Ca10C10O30,1.0
mp-1197629,Sr15Ti25O65,1.0
mp-1197857,W8O24,1.0
mp-1197913,Ge2Pb2S12O42,1.0
mp-1197923,C122O4,1.0
mp-1197939,Ca18C18O54,1.0
mp-1198022,Ge34,1.0
mp-11982,Sr4Ca2Te2O12,1.0
mp-1198370,Ca44Sn12C32,1.0
mp-1198381,Si12Pb44O68,1.0
mp-1198509,Ge2Pb4Se8O24,1.0
mp-1198523,Mg4C4O24,1.0
mp-1198551,Ba4Ti4S24O84,1.0
mp-1198567,Sr25Ti39O103,1.0
mp-1199561,Fe8Si8O24,1.0
mp-1199894,Si82,1.0
mp-1200112,Sr24Te8O48,1.0
mp-1200292,Si96O192,1.0
mp-1200408,Sr2Mo4Se4O22,1.0
mp-1200437,Ca8Zn12Si12Pb4O48,1.0
mp-1200685,Si16O32,1.0
mp-1200730,Ba8S16O32,1.0
mp-1200759,Ba12Ge4S20,1.0
mp-1200830,Si41,1.0
mp-12010,Ba4Se4O16,1.0
mp-1201400,Ba8Si8S48O168,1.0
mp-1201432,Sr30Ti46O122,1.0
mp-1201492,Si232,1.0
mp-1201603,Pb4Se8O24,1.0
mp-1201605,Ba6Ru6O30,1.0
mp-1201710,W4S8O36,1.0
mp-1201727,Ti16O32,1.0
mp-1201737,Ca4Sn4O24,1.0
mp-1201764,Te4Pb20O32,1.0
mp-1201853,Sr4C12O28,1.0
mp-1202032,Fe4Sn4O24,1.0
mp-1202124,Ba12Zr2Zn12S28,1.0
mp-1202132,Sr5Ti7O19,1.0
mp-1202223,W10O30,1.0
mp-1202462,Sr20Ti32O84,1.0
mp-1202561,Hf4S4O24,1.0
mp-1202711,Ba4Sn8S20,1.0
mp-1202745,Si58,1.0
mp-1202763,Mg4W4O24,1.0
mp-1203069,W8O24,1.0
mp-1203202,Ru6C18Se4O18,1.0
mp-1203274,Ni8C32O32,1.0
mp-1203337,C24S32,1.0
mp-1203645,C48,1.0
mp-1203655,Si48O96,1.0
mp-1203659,Te20Pb4O44,1.0
mp-1203790,Si68,1.0
mp-1203799,Ti4Pb4S24O84,1.0
mp-1204057,Si72O144,1.0
mp-1204060,Ge4Se8O24,1.0
mp-1204412,Mo4Pb2Se4O22,1.0
mp-1204627,Si46,1.0
mp-1204711,Hf4W8O32,1.0
mp-1204773,Ba12Sn14S40,1.0
mp-1205213,Si72O144,1.0
mp-1205333,Ca2Ti2Ge2O10,1.0
mp-1205339,Ge2Se4O12,1.0
mp-1205352,Ba2Pd2Se4O12,1.0
mp-1205356,Zn2W2O8,1.0
mp-1205364,Ca4Ti4O12,1.0
mp-1205368,Zn4W4O16,1.0
mp-1205395,Ba2Mg2C4O12,1.0
mp-1205399,Ba4Zn4Se8O24,1.0
mp-1205417,C20,1.0
mp-1205419,Sr4Sn4S12,1.0
mp-1208643,Sr4Hf4S12,1.0
mp-1210722,Mg2Te2Mo2O12,1.0
mp-12181,Ba4Sn4S8,1.0
mp-12221,Ca4Te4O16,1.0
mp-12231,Sn4Te12O32,1.0
mp-12271,Mg4Se4O12,1.0
mp-12326,Ca2Zn2Ge4O12,1.0
mp-12350,Si8O16,1.0
mp-12372,Ca4S4O16,1.0
mp-12418,Sr4Ca4Ge4,1.0
mp-1253,Ba1Se1,1.0
mp-12630,Mg2Se2O8,1.0
mp-1265,Mg1O1,1.0
mp-12787,Si6O12,1.0
mp-1285,Pt2O4,1.0
mp-12866,Sr2Sn2O6,1.0
mp-12867,Sr2Sn2O6,1.0
mp-12910,Ge2S2,1.0
mp-12957,O8,1.0
mp-12958,Ba3Si3O9,1.0
mp-12978,Sn4O8,1.0
mp-12979,Sn1O2,1.0
mp-13031,Mg1Se1,1.0
mp-13032,Mg1S1,1.0
mp-13033,Mg1Te1,1.0
mp-13109,Sr2Hf2O6,1.0
mp-1315,Mg1S1,1.0
mp-13161,Zn1O1,1.0
mp-13199,Zn18Te6O36,1.0
mp-13356,Ba2Sr1Te1O6,1.0
mp-1342,Ba1O1,1.0
mp-13650,Ca2Ge1O4,1.0
mp-13682,Pd4S8,1.0
mp-137,Ge12,1.0
mp-1379,Sn2S2,1.0
mp-13863,Ba4Ge4O12,1.0
mp-14,Se3,1.0
mp-14142,Ti2Zn2O6,1.0
mp-1415,Ca1Se1,1.0
mp-1439,Ti4O8,1.0
mp-14447,Ba4Si2Se8,1.0
mp-14448,Ba4Si2Te8,1.0
mp-14628,Zn2Sn2O6,1.0
mp-147,Se6,1.0
mp-1477,Ba8Si16,1.0
mp-14778,Ca12Zn12Te8O48,1.0
mp-14883,Ba4Zr3S10,1.0
mp-149,Si2,1.0
mp-1500,Ba1S1,1.0
mp-15003,Ca12Hf4Si8O36,1.0
mp-15004,Ca12Zr4Si8O36,1.0
mp-15078,Si18O36,1.0
mp-1509,Sn8S12,1.0
mp-15095,Ca12Si8Sn4O36,1.0
mp-1519,Ca1Te1,1.0
mp-1522,Fe2S4,1.0
mp-15315,Ca16Ti12O40,1.0
mp-15511,Ca2Te6O16,1.0
mp-15622,Hf2Se6,1.0
mp-1565,Zr1O2,1.0
mp-1575,Ca2C4,1.0
mp-1602,Si2S4,1.0
mp-16220,Si34,1.0
mp-1634,Mo2Se4,1.0
mp-165,Si4,1.0
mp-16608,Si24Os16,1.0
mp-16609,Si12Os8,1.0
mp-16610,Ge24Os16,1.0
mp-1672,Ca1S1,1.0
mp-16771,Mg4Se8O20,1.0
mp-16819,Zn8Te8O24,1.0
mp-1683,Zr2Se6,1.0
mp-16882,Zn6Mo6O24,1.0
mp-169,C2,1.0
mp-17009,Ba6Te4O18,1.0
mp-17123,Si16Os8,1.0
mp-1714,Fe8Si16,1.0
mp-17244,Ba4Zn2Ge4S12O2,1.0
mp-17279,Si16O32,1.0
mp-17324,Zr4Sn4S12,1.0
mp-1735,Ba1C2,1.0
mp-17380,Ba4Ca2Pd6O12,1.0
mp-17392,Sr4Zn2Ge4O14,1.0
mp-17441,Mg8Ge4S16,1.0
mp-17464,Sr6Ge6O18,1.0
mp-17468,Sr4Zr4Si8O28,1.0
mp-17552,Ca6Si6O18,1.0
mp-17612,Ba8Si4O16,1.0
mp-17700,Sn4W4O16,1.0
mp-17743,Sr6Sn4O14,1.0
mp-17761,Ca6Ge6O18,1.0
mp-17825,Sr8Si4O16,1.0
mp-17833,Ba12Ge4O4,1.0
mp-17844,Sn4W4O16,1.0
mp-17908,Ba8Ti4S16,1.0
mp-17909,Si12O24,1.0
mp-17911,Ba8Zn4O12,1.0
mp-18112,Sr8Ge8Se20,1.0
mp-1821,W2Se4,1.0
mp-18216,Ba2Ca4Si6O18,1.0
mp-18280,Si12O24,1.0
mp-18288,Ti4Sn8O16,1.0
mp-18313,Sr6Si6O18,1.0
mp-18335,Ba8Ge8Se20,1.0
mp-18352,Hf4Te12O32,1.0
mp-18373,Zn4Se8O20,1.0
mp-1840,Ti8O16,1.0
mp-18407,Ba6Si6O18,1.0
mp-18502,Ba2Si6Sn2O18,1.0
mp-18510,Sr8Si4O16,1.0
mp-18571,Ba4Cr4O16,1.0
mp-1858,Hf8O16,1.0
mp-18596,Ca4Zn2Ge4O14,1.0
mp-1876,Sn1S1,1.0
mp-18764,Ba2Sr1W1O6,1.0
mp-18773,W4O12,1.0
mp-18778,Zr4W8O32,1.0
mp-18783,Ca4Fe2Mo2O12,1.0
mp-18829,Sr2Zn1Mo1O6,1.0
mp-1883,Sn1Te1,1.0
mp-18834,Sr2Mo2O8,1.0
mp-18848,Sr2Mg1W1O6,1.0
mp-18856,Mo8O24,1.0
mp-18857,Sr2Fe1Mo1O6,1.0
mp-18867,Ba6W4O18,1.0
mp-18875,Mg2W2O8,1.0
mp-18918,Zn2W2O8,1.0
mp-18943,Ba2Ni2O4,1.0
mp-18962,Sr2Ca1Mo1O6,1.0
mp-18977,Ba2Ca1W1O6,1.0
mp-18981,Sr2Ca1W1O6,1.0
mp-18986,Ba2Mg1W1O6,1.0
mp-19,Te3,1.0
mp-19033,W4O12,1.0
mp-19047,Mg4Mo4O16,1.0
mp-19048,Ba2W2O8,1.0
mp-19078,Ba2Sr1W1O6,1.0
mp-19116,Sr4Ca2Mo2O12,1.0
mp-19120,Mg2Cr2O8,1.0
mp-19138,Ba2Ni2O6,1.0
mp-19146,Cr4Pb4O16,1.0
mp-19163,Sr2W2O8,1.0
mp-19182,Ba2Ca1W1O6,1.0
mp-19215,Ca2Cr2O8,1.0
mp-1922,Ru4Se8,1.0
mp-19276,Ba2Mo2O8,1.0
mp-19282,Sr2Zn1W1O6,1.0
mp-19324,Ca4Mg2W2O12,1.0
mp-19330,Ca2Mo2O8,1.0
mp-19390,W1O3,1.0
mp-19403,Ba2Ca1Mo1O6,1.0
mp-19420,Sr2Mg1W1O6,1.0
mp-19426,Ca2W2O8,1.0
mp-19443,W2O6,1.0
mp-19453,Te8Mo4O28,1.0
mp-1950,Sr2S4,1.0
mp-1958,Sr1Te1,1.0
mp-19717,Te1Pb1,1.0
mp-19845,Ti1Pb1O3,1.0
mp-1986,Zn1O1,1.0
mp-19893,Pb4C4O12,1.0
mp-19921,Pb2O2,1.0
mp-20056,Mg1Pb2W1O6,1.0
mp-20066,C4O8,1.0
mp-20078,Pb8O12,1.0
mp-20079,Ca4Pb4O12,1.0
mp-20098,Ba2Pb1O4,1.0
mp-20216,Mg4Pb8W4O24,1.0
mp-20244,Zr4Pb4S12,1.0
mp-20273,Ca3Pb1O1,1.0
mp-2030,Ru4S8,1.0
mp-20489,Sr4Pb4O12,1.0
mp-20507,Pb4S4O12,1.0
mp-20589,Mo4O12,1.0
mp-20716,Pb2Se2O6,1.0
mp-20878,Pb4O4,1.0
mp-20944,Sr4Pb2O8,1.0
mp-2097,Sn2O2,1.0
mp-21137,Ca4Pb2O8,1.0
mp-21138,Mo2Pb4O10,1.0
mp-21190,Pb2S2O6,1.0
mp-2125,Te8O16,1.0
mp-21276,Pb1S1,1.0
mp-21309,Mg1Te1Pb2O6,1.0
mp-2139,Ba8Ge16,1.0
mp-2142,Te8Os4,1.0
mp-21452,Pb12O16,1.0
mp-21497,Pb4S2O10,1.0
mp-2168,Sn2Se2,1.0
mp-21723,Si12Pb12O36,1.0
mp-2176,Zn1Te1,1.0
mp-21767,Si12Pb18O42,1.0
mp-21904,Pb8S16O24,1.0
mp-21922,Te18Pb12O48,1.0
mp-2201,Pb1Se1,1.0
mp-22023,Pb6S2O12,1.0
mp-22086,Ba3W1O6,1.0
mp-22147,Hf4Pb4S12,1.0
mp-22169,Mo2Pb2O8,1.0
mp-22192,Si24Ru16,1.0
mp-2229,Zn1O1,1.0
mp-223,Ge3O6,1.0
mp-2231,Sn4S4,1.0
mp-2232,C2S4,1.0
mp-22334,Fe4Ge4O12,1.0
mp-22342,Pb4Se4O16,1.0
mp-22373,Cr2Pb4O10,1.0
mp-224,W2S4,1.0
mp-22410,Pb2W2O8,1.0
mp-2242,Ge4S4,1.0
mp-22467,Sn4Pb8O16,1.0
mp-22535,Hf1Pb1O3,1.0
mp-22577,Pb6S2O12,1.0
mp-226,Fe4S8,1.0
mp-22633,Pb12O16,1.0
mp-22681,Pb4W2O10,1.0
mp-22734,Hf8Pb8O24,1.0
mp-22747,Pb2C4O8,1.0
mp-239,Ba2S6,1.0
mp-24,C8,1.0
mp-2472,Sr1O1,1.0
mp-2480,Os4Se8,1.0
mp-2482,Ca1C2,1.0
mp-2488,Si4Os4,1.0
mp-25082,Mo4C24O24,1.0
mp-25210,Ni1O2,1.0
mp-2552,Te2O6,1.0
mp-2574,Zr2O4,1.0
mp-2589,Mg4O8,1.0
mp-2600,Ba1Te1,1.0
mp-2604,Mg4Te8,1.0
mp-2605,Ca1O1,1.0
mp-2612,Ge1Te1,1.0
mp-2630,Sr1C2,1.0
mp-2633,Ge4O8,1.0
mp-2657,Ti2O4,1.0
mp-2693,Sn1Se1,1.0
mp-2697,Sr1O2,1.0
mp-27221,Ca2Hf7O16,1.0
mp-27254,Ba2Te4O12,1.0
mp-27295,Mg28Ge10O48,1.0
mp-27358,Se8O20,1.0
mp-2739,Te4O8,1.0
mp-27499,Ba4Te4S12,1.0
mp-27519,Se8O24,1.0
mp-27532,Si4Pb8Se16,1.0
mp-2758,Sr1Se1,1.0
mp-27604,Mg4Mo8O28,1.0
mp-27690,Sr3Zr2O7,1.0
mp-27790,Ba4Ti20O44,1.0
mp-27802,Ba6Sn12S18,1.0
mp-27805,Ba12Si4S20,1.0
mp-27814,C1S14,1.0
mp-27843,Zn8Ge12O32,1.0
mp-27845,Ca8Se16O40,1.0
mp-27888,Zr3Ge1O8,1.0
mp-28025,Sn16S8O40,1.0
mp-28102,Ba6Te8O22,1.0
mp-2815,Mo2S4,1.0
mp-28232,Mg2Ti4O10,1.0
mp-28288,Ba4Ge8O20,1.0
mp-28346,Sr4Se8O20,1.0
mp-28403,Ba8W4O20,1.0
mp-28535,Ca4Se6O16,1.0
mp-28536,Ba4Se8O20,1.0
mp-2858,Zr4O8,1.0
mp-28620,Zr6S2O18,1.0
mp-28636,Os8C28O28,1.0
mp-28663,Mg28Si10O48,1.0
mp-28709,C120S32,1.0
mp-28710,Ba4Ge8S20,1.0
mp-2879,Sr4Sn4O12,1.0
mp-28793,Mg4C6,1.0
mp-288,Pt2S2,1.0
mp-2895,Mg8Si4O16,1.0
mp-28952,Pd2S2O8,1.0
mp-28967,Ba2Pd4S8,1.0
mp-29104,Ti12Zn8O32,1.0
mp-29217,Ge24Pb8O56,1.0
mp-29222,Ba8Si12O32,1.0
mp-29223,Ba12Si20O52,1.0
mp-29241,Ca3Sn1O1,1.0
mp-29242,Ba3Pb1O1,1.0
mp-29260,Ti2Se4O12,1.0
mp-29273,Ca4Ge14O32,1.0
mp-29289,Ba4Pt8S12,1.0
mp-29298,Ba8Ti26O60,1.0
mp-29320,Te6Se2O16,1.0
mp-29332,Pt4Pb8O16,1.0
mp-29461,Zn6Mo4O18,1.0
mp-29755,Ca4Si8O20,1.0
mp-29771,Mg2C4,1.0
mp-29775,Sr8Pd2O12,1.0
mp-29787,Ba15Pt6O27,1.0
mp-2981,Ca18Te18O54,1.0
mp-2998,Ba1Ti1O3,1.0
mp-30026,Sr6Te8O22,1.0
mp-30078,C6S16,1.0
mp-30093,Ba12Fe4O20,1.0
mp-30237,Ba2C8O8,1.0
mp-3031,Ba4Si8O20,1.0
mp-3047,Mg2Ge2O6,1.0
mp-3051,Mg8Ge4O16,1.0
mp-3082,Ca3S3O12,1.0
mp-30847,Ti1Sn1Pt1,1.0
mp-30949,Sr12Si4O4,1.0
mp-30950,Sr12Ge4O4,1.0
mp-30986,Zn6S4O18,1.0
mp-31004,Sn4S8O16,1.0
mp-3118,Mg6Te2O12,1.0
mp-31213,Sr4Ti3O10,1.0
mp-31307,Ba32Sn16Se80,1.0
mp-3164,Ba4S4O16,1.0
mp-3175,Ba2Ti8O18,1.0
mp-3205,Ca2C2O6,1.0
mp-3252,Sr2Te6O16,1.0
mp-32777,W6O18,1.0
mp-32895,Si48O96,1.0
mp-3307,Ba1S1O4,1.0
mp-3323,Sr1Zr1O3,1.0
mp-3349,Sr3Ti2O7,1.0
mp-3359,Ba2Sn1O4,1.0
mp-3376,Sr2Sn1O4,1.0
mp-3378,Sr4Hf4O12,1.0
mp-3382,Ca2Si2O6,1.0
mp-3387,Ca2Si2O6,1.0
mp-3395,Sr2Se2O6,1.0
mp-3397,Ba8Ti4O16,1.0
mp-3442,Ca2Ti2O6,1.0
mp-3470,Mg8Si8O24,1.0
mp-3472,Pb4S4O16,1.0
mp-3502,Zn4Te6O16,1.0
mp-3519,Zr4S4O4,1.0
mp-352,Hf4O8,1.0
mp-3547,Mg4Si4O12,1.0
mp-3626,Sr4Zr4O12,1.0
mp-3707,Ca2Ge4O10,1.0
mp-3721,Sr2Hf2O6,1.0
mp-3759,Mg2Ge2O6,1.0
mp-3771,Mg2Ti2O6,1.0
mp-3789,Zn12Si6O24,1.0
mp-3813,Ba2Zr1S4,1.0
mp-3822,Sr4C4O12,1.0
mp-3834,Ba1Zr1O3,1.0
mp-3848,Ba3Ge12O27,1.0
mp-390,Ti2O4,1.0
mp-3904,Mg4Ge2O8,1.0
mp-3932,Ca12Si8O28,1.0
mp-3943,Ba3Ti6O15,1.0
mp-3953,Ca2C2O6,1.0
mp-3978,Sr6Si6O18,1.0
mp-4019,Ca4Ti4O12,1.0
mp-4092,Sr4Se4O16,1.0
mp-4180,Ca8Si4O16,1.0
mp-4190,Ca2Sn2O6,1.0
mp-4236,Ba3Zn3O6,1.0
mp-4274,Sr4Te4O16,1.0
mp-4279,Ca4Ge8O20,1.0
mp-4287,Sr8Sn4O16,1.0
mp-430,Ti4O8,1.0
mp-4321,Mg4Si4O12,1.0
mp-4325,Zr4S8O32,1.0
mp-4387,Sr4Zr4O12,1.0
mp-4391,Mg2Si2O6,1.0
mp-4406,Ca2S2O8,1.0
mp-4428,Ca6Si6O18,1.0
mp-4429,Ca6Si6O18,1.0
mp-4438,Ca4Sn4O12,1.0
mp-4481,Ca8Si4O16,1.0
mp-4551,Sr1Hf1O3,1.0
mp-4571,Ca4Zr4O12,1.0
mp-4575,Mg16Ge16O48,1.0
mp-4578,Sr4Ge2S8,1.0
mp-4598,Sr8Pt2O12,1.0
mp-4609,Hf2Si2O8,1.0
mp-4626,Ca4C4O12,1.0
mp-4649,Pd2Se4O10,1.0
mp-4651,Sr2Ti2O6,1.0
mp-4673,Sr4Hf4O12,1.0
mp-4682,Zn4Se4O12,1.0
mp-47,C4,1.0
mp-470,Ge2O4,1.0
mp-4747,Ca4Sn2O8,1.0
mp-4759,Zr4Te12O32,1.0
mp-4784,Ca2Pt2O6,1.0
mp-4819,Mg4Ge4O12,1.0
mp-4820,Zr2Si2O8,1.0
mp-4941,Sr4Sn2O8,1.0
mp-4967,Mg4S4O16,1.0
mp-5026,Mg8Si8O24,1.0
mp-5040,Ca4Te8O20,1.0
mp-504427,Ti6Pb2O14,1.0
mp-504457,Ba2Ti12O26,1.0
mp-5045,Sn4Ge4S12,1.0
mp-504564,Si4Pb8S16,1.0
mp-504578,Mg4Cr4O16,1.0
mp-504590,Ca4Si6Pb2O18,1.0
mp-504591,Pb4W4O16,1.0
mp-504692,Ni8Te16O40,1.0
mp-504885,Ba2Fe2Si8O20,1.0
mp-505270,Ti4S4O20,1.0
mp-505526,Fe4Mo4O16,1.0
mp-505603,Pb20S4O32,1.0
mp-505702,Pb8C4O16,1.0
mp-5076,Sr2Zr2O6,1.0
mp-5096,Ca2Si2O6,1.0
mp-510032,Ge12Os8,1.0
mp-510456,Zr1Mo2O8,1.0
mp-510607,Sr4Cr4O16,1.0
mp-510753,Ni1O2,1.0
mp-5126,Zn4S4O16,1.0
mp-5193,Sr4Zr4S12,1.0
mp-5214,Ti4Te12O32,1.0
mp-5224,Ba6Si12O30,1.0
mp-5229,Sr1Ti1O3,1.0
mp-5279,Ca6Te2O12,1.0
mp-5285,Sr4S4O16,1.0
mp-5338,Zn8Se8O24,1.0
mp-5348,Mg2C2O6,1.0
mp-5391,Mg8Si4O16,1.0
mp-5392,Mg8Si4O16,1.0
mp-540625,Ge16Se32,1.0
mp-540635,Ba2Sn2Ge6O18,1.0
mp-540771,Ba4Zr4S12,1.0
mp-540773,Ca8Ge4S16,1.0
mp-540783,Os2O8,1.0
mp-540805,Ba8Ge4S16,1.0
mp-541026,Ca4Mg12Si12O40,1.0
mp-541156,Ge12Pb3O27,1.0
mp-541695,W4C24O24,1.0
mp-541785,Ge2Pd2S6,1.0
mp-541832,Ba8Sn4S16,1.0
mp-542031,Cr4Pb4O16,1.0
mp-542085,Sr8Ge4O16,1.0
mp-542112,Ca1Zr1O3,1.0
mp-542461,Se32,1.0
mp-542605,Se32,1.0
mp-542737,Ti4Zn8O16,1.0
mp-542769,Sn2C4O8,1.0
mp-542814,Si24O48,1.0
mp-542837,Ba8W8O32,1.0
mp-542903,Zr8Pb8O24,1.0
mp-542967,Sn4S4O16,1.0
mp-543034,Ba3Zn6Si4Te1O20,1.0
mp-543039,Te12Pb12O36,1.0
mp-5431,Ba2Te2O6,1.0
mp-545482,Pd2Se2O6,1.0
mp-545488,Si4O8,1.0
mp-545512,Ca2O2,1.0
mp-545643,Ba2C2O6,1.0
mp-545665,W3O9,1.0
mp-545719,Si4O8,1.0
mp-545756,Zn1S1O4,1.0
mp-545771,Cr3O8,1.0
mp-545820,Sn4O4,1.0
mp-546079,Mg2C2O6,1.0
mp-546684,Pd2Se2O6,1.0
mp-546794,Si2O4,1.0
mp-546973,Sr1Sn1O3,1.0
mp-547094,Ru2O8,1.0
mp-548403,Ca2C2O6,1.0
mp-548469,Ba2Zn2S2O2,1.0
mp-548615,Ba2Zn1W1O6,1.0
mp-5487,Sr12Si4O20,1.0
mp-550172,Sn2O4,1.0
mp-5504,Ba4C4O12,1.0
mp-550685,Ba2Ca1Te1O6,1.0
mp-550893,Hf1O2,1.0
mp-550908,Sr2Hf2O6,1.0
mp-5532,Sr2Ti1O4,1.0
mp-553432,Ti3O6,1.0
mp-553898,Ge12Pb12O36,1.0
mp-553939,Ca4C4O12,1.0
mp-553964,W4O12,1.0
mp-553993,Si16O32,1.0
mp-554094,Ca2Mg4S6O24,1.0
mp-554137,Mg8Si8O24,1.0
mp-554142,Ge2Te4O12,1.0
mp-554151,Si4O8,1.0
mp-554172,Ba6Zr4S14,1.0
mp-554175,Si16O32,1.0
mp-554190,Ca8Zr32O72,1.0
mp-554258,Si16O32,1.0
mp-554267,Si16O32,1.0
mp-554278,Ti4O8,1.0
mp-554396,Mg4Si2O8,1.0
mp-554397,Si8O16,1.0
mp-554498,Si12O24,1.0
mp-554543,Si8O16,1.0
mp-554549,Ca16Ge16O48,1.0
mp-554641,Sr6Mg2Si4O16,1.0
mp-554663,Mg4Si2O8,1.0
mp-554665,Si8O16,1.0
mp-554678,Ca2Ge4O10,1.0
mp-554682,Si48O96,1.0
mp-554688,Ba6Hf5S16,1.0
mp-554699,Ge6Pb6O18,1.0
mp-554755,Si32O64,1.0
mp-554791,Ru8O32,1.0
mp-554869,Sr12Ge12O36,1.0
mp-554905,Ca4Zn4Si12O32,1.0
mp-554944,Ti4S4O20,1.0
mp-555098,Sr4Se4O12,1.0
mp-555165,Si16O32,1.0
mp-555355,Si12O24,1.0
mp-555411,Si8O16,1.0
mp-555483,Si4O8,1.0
mp-555487,Sn12O24,1.0
mp-555497,Si24O48,1.0
mp-555508,Ca11Si4S1O18,1.0
mp-555521,Si32O64,1.0
mp-555544,Si8O16,1.0
mp-555556,Si16O32,1.0
mp-555676,Si8O16,1.0
mp-555682,Sn2Se4O12,1.0
mp-555691,Sr4Zn4Se8O24,1.0
mp-555700,Si16O32,1.0
mp-555731,Sr3Ge3O9,1.0
mp-555740,Si8O16,1.0
mp-555760,S9,1.0
mp-555781,Ba12Ti10S30O2,1.0
mp-555791,Si48O96,1.0
mp-555823,Si12O24,1.0
mp-555915,S72,1.0
mp-555960,Si16O32,1.0
mp-555961,Ca12Zn12Te8O48,1.0
mp-556003,Ca2Ti2O6,1.0
mp-556021,Ba12Te12O36,1.0
mp-556034,C4O8,1.0
mp-556068,Si24O48,1.0
mp-556132,Si8O16,1.0
mp-556163,Zn4Si2O8,1.0
mp-556235,Ca4C4O12,1.0
mp-556257,Si48O96,1.0
mp-556262,Si16O32,1.0
mp-556269,S72,1.0
mp-556291,Ba12Sn8S28,1.0
mp-556296,Ba4S12,1.0
mp-556331,Sr8Pt8Pb2O22,1.0
mp-556454,Si16O32,1.0
mp-556458,Ba3Ca3C6O18,1.0
mp-556464,Si12O24,1.0
mp-556469,Si16O32,1.0
mp-556537,Si12O24,1.0
mp-556564,Si16O32,1.0
mp-556591,Si18O36,1.0
mp-556654,Si24O48,1.0
mp-556672,Sn4Se8O24,1.0
mp-556703,Ba9Mg3Si6O24,1.0
mp-556713,Zr12W24O96,1.0
mp-556729,Ba12Ti34O80,1.0
mp-556779,Ba4Mo4Se4O24,1.0
mp-556812,Si6O12,1.0
mp-556882,Si16O32,1.0
mp-556940,Mg16Si16O48,1.0
mp-556942,Ca16Si8O32,1.0
mp-556961,Si8O16,1.0
mp-556963,Si12O24,1.0
mp-556980,Sn12W4O24,1.0
mp-557,Te4O8,1.0
mp-557003,Sn10W16O44,1.0
mp-557017,Si16O32,1.0
mp-557024,Si48O96,1.0
mp-557031,S32,1.0
mp-557032,Ba5Hf4S13,1.0
mp-557093,Sr8Cr16O56,1.0
mp-557118,Si4O8,1.0
mp-557203,Sr8Zr8O24,1.0
mp-557211,Si24O48,1.0
mp-557244,Si4O8,1.0
mp-557376,S20,1.0
mp-557465,Si8O16,1.0
mp-557488,S36,1.0
mp-557559,S28,1.0
mp-557591,Si24O48,1.0
mp-557633,Sn16W8O40,1.0
mp-557667,Ge9Pb15O33,1.0
mp-557723,Si12O24,1.0
mp-557771,Si12O24,1.0
mp-557814,Si48O96,1.0
mp-557837,Si4O8,1.0
mp-557864,Fe4W2C20Se4O20,1.0
mp-557894,Si32O64,1.0
mp-557930,Si8O16,1.0
mp-557933,Si24O48,1.0
mp-557997,Ca4Se4O12,1.0
mp-558014,S24,1.0
mp-558025,Si36O72,1.0
mp-558079,Ca12Mg4Si8O32,1.0
mp-558096,Zn4Si2O8,1.0
mp-558115,Si40O80,1.0
mp-558125,Ba6Ti6O18,1.0
mp-558159,Ba4Ti8O20,1.0
mp-558163,Pb2Se4O12,1.0
mp-558164,Ca8Hf32O72,1.0
mp-558184,Ba16Ge32O80,1.0
mp-558200,Si8O16,1.0
mp-558203,Si32O64,1.0
mp-558209,Ca12Mg4Si8O32,1.0
mp-558301,Si16O32,1.0
mp-558326,Si36O72,1.0
mp-558339,Mg8Fe8Si16O48,1.0
mp-558351,Si12O24,1.0
mp-558362,Ca4Mg4Ge4O16,1.0
mp-558366,Si8O16,1.0
mp-558374,Si24O48,1.0
mp-558489,Ca12Hf38O88,1.0
mp-558543,Ca4C8O16,1.0
mp-558553,Sr4Ti5Si4O22,1.0
mp-558564,Si12O24,1.0
mp-558569,Si24O48,1.0
mp-558588,Ba12Pt24S36,1.0
mp-558629,Ba4Zn2Si4O14,1.0
mp-5587,Ba8Zn4S12,1.0
mp-558733,Si6O12,1.0
mp-558734,Pb4W4O16,1.0
mp-558760,Sr4Zr4S12,1.0
mp-558830,Zn2Te2Mo2O12,1.0
mp-558891,Si12O24,1.0
mp-558894,Ba8Ti4Pt2O20,1.0
mp-558931,Si48O96,1.0
mp-558938,Zn16Si4Te4Pb4O40,1.0
mp-558947,Si48O96,1.0
mp-558964,S80,1.0
mp-559083,Ca8Mg4Si8O28,1.0
mp-559091,Si4O8,1.0
mp-559122,W4O12,1.0
mp-559128,Ca8Te8C8O40,1.0
mp-559143,Pb6S2O12,1.0
mp-559188,Hf2Mo4O16,1.0
mp-559208,Sr2Ti2Si4O14,1.0
mp-559210,Ca10Te6O28,1.0
mp-559273,Si24O48,1.0
mp-559313,Si8O16,1.0
mp-559347,Si16O32,1.0
mp-559360,Si24O48,1.0
mp-559437,Zn2C4O8,1.0
mp-559550,Si6O12,1.0
mp-559605,Si6O12,1.0
mp-559676,Sn2S2,1.0
mp-559740,Si12O24,1.0
mp-559754,Fe4Te4W2C20O20,1.0
mp-559825,Zr2Mo4O16,1.0
mp-559829,Si48O96,1.0
mp-559860,Si8O16,1.0
mp-559872,Si12O24,1.0
mp-559928,Si6O12,1.0
mp-559957,Sr4Ti4Ge4O20,1.0
mp-559962,Si24O48,1.0
mp-560064,Si32O64,1.0
mp-560097,Ca12Te12O36,1.0
mp-560152,Si16O32,1.0
mp-560155,Si18O36,1.0
mp-560203,Si12O24,1.0
mp-560321,Mg8Si4O16,1.0
mp-560336,Si32O64,1.0
mp-560339,Ca4Zr2Si8O24,1.0
mp-560370,Ge4Pb8S16,1.0
mp-560417,Sn8O16,1.0
mp-560527,Si8O16,1.0
mp-560531,Ba2W2O8,1.0
mp-560602,O24,1.0
mp-560647,Ca8Ge4O16,1.0
mp-560670,Mg4Se4O16,1.0
mp-560708,Si28O56,1.0
mp-560731,Ba8Ti36O80,1.0
mp-560754,Si16O32,1.0
mp-560757,Ni6Mo4Se2O22,1.0
mp-560809,Si24O48,1.0
mp-560826,Si12O24,1.0
mp-560836,Si12O24,1.0
mp-560885,Ca4Si4O12,1.0
mp-560886,Sr4Si8O20,1.0
mp-560920,Si32O64,1.0
mp-560941,Si32O64,1.0
mp-560954,Si8O16,1.0
mp-560973,Si18O36,1.0
mp-560998,Si18O36,1.0
mp-561036,Fe2Te12O26,1.0
mp-561086,Ca12Si12O36,1.0
mp-561090,Si34O68,1.0
mp-561224,Te4O8,1.0
mp-561291,Si8O16,1.0
mp-561301,Si48O96,1.0
mp-561351,Si24O48,1.0
mp-561397,S4O12,1.0
mp-561488,Si12O24,1.0
mp-561490,Pd2Se2O8,1.0
mp-561513,S28,1.0
mp-561547,Sr8Si8O24,1.0
mp-561848,C24O16,1.0
mp-562182,Zn4Si4O12,1.0
mp-562260,Ca4S4O16,1.0
mp-562490,Si4O8,1.0
mp-562517,Ca2Mg2Si4O12,1.0
mp-562561,Mo2O6,1.0
mp-562610,Sn4O8,1.0
mp-5637,Sr4Zn4O8,1.0
mp-5639,Mg4Si2O8,1.0
mp-565836,Mo12S12O72,1.0
mp-567313,Te3,1.0
mp-568264,Si2Se4,1.0
mp-568525,Sr16Sn8Se40,1.0
mp-569170,Ca2Te2,1.0
mp-569304,C4,1.0
mp-569416,C8,1.0
mp-569567,C14,1.0
mp-569679,Zn2Se2,1.0
mp-569754,Ba28Sn12Se52,1.0
mp-569815,Si16Ru8,1.0
mp-570002,C8,1.0
mp-570481,Se64,1.0
mp-570697,Ca4C8,1.0
mp-570803,Ba4Ge2Te4Se4,1.0
mp-570983,Sr16Sn8Se36,1.0
mp-572283,Si16O32,1.0
mp-572430,Ba8Cr16O56,1.0
mp-572822,Ti4O8,1.0
mp-572892,Ge16S32,1.0
mp-5733,Ca12Si12O36,1.0
mp-574169,Ti2Ge2Te12,1.0
mp-5746,Mg4Te8O20,1.0
mp-5827,Ca1Ti1O3,1.0
mp-583072,S104,1.0
mp-583345,Ge8Pb40O56,1.0
mp-5834,Mg16Si16O48,1.0
mp-5838,Ba8Si4S16,1.0
mp-5893,Ca1Si1O3,1.0
mp-5909,Zn12Ge6O24,1.0
mp-5924,Mg2Si2O6,1.0
mp-5933,Ba6Ti6O18,1.0
mp-600037,Si16O32,1.0
mp-600054,Si64O128,1.0
mp-600080,Si64O128,1.0
mp-602,Te4Mo2,1.0
mp-603907,Mg4Si4O12,1.0
mp-603930,Mg4Si4O12,1.0
mp-604717,Si12O24,1.0
mp-6064,Sr6Mg2Pt2O12,1.0
mp-607824,Hf6Mo12O48,1.0
mp-608385,Mg2W2O8,1.0
mp-608431,Os6C18S4O18,1.0
mp-608439,Pb4O6,1.0
mp-6094,Ca4Mg2Si4O14,1.0
mp-6109,Ca4Ti4Si4O20,1.0
mp-611426,C8,1.0
mp-611448,C12,1.0
mp-615529,Os4Pt2C20O20,1.0
mp-615993,Si14O28,1.0
mp-616215,Fe4C12Se4O12,1.0
mp-616440,C16,1.0
mp-616561,Fe2C10O10,1.0
mp-617,Pt1O2,1.0
mp-619034,Zn16Si16O48,1.0
mp-619461,W8O24,1.0
mp-621927,Os6C20S2O20,1.0
mp-622213,Ge16S32,1.0
mp-6227,Ca4Zn2Si4O14,1.0
mp-623984,Pb4S4O16,1.0
mp-624009,Fe4Te2W2C20Se2O20,1.0
mp-624052,Fe4Mo2C20Se4O20,1.0
mp-624190,Ge4Pb4S12,1.0
mp-629476,Ru4C12Se4O12,1.0
mp-629560,Fe6C18Se4O18,1.0
mp-630227,C60,1.0
mp-630329,Pb8Se8O24,1.0
mp-634859,Ca1O2,1.0
mp-636215,Fe4C12S4O12,1.0
mp-636813,Pb6O8,1.0
mp-638005,Se8O16,1.0
mp-640075,Fe8Si8Ge8,1.0
mp-640748,Os12C48O48,1.0
mp-640917,Si3O6,1.0
mp-641365,Pb2W2O8,1.0
mp-641415,Pb8W8O32,1.0
mp-641441,Pb4W4O16,1.0
mp-641754,Ca54Si18O90,1.0
mp-641917,Zn8Si8O24,1.0
mp-642216,Mg8Si8O24,1.0
mp-642228,Mg16Si16O48,1.0
mp-642822,Ca2C4,1.0
mp-643081,Fe4C18O18,1.0
mp-6440,Ca2Ti2Si2O10,1.0
mp-644103,Ca2Si2Sn2O10,1.0
mp-644295,Ca2Zr2Ge2O10,1.0
mp-644607,C2O4,1.0
mp-644879,Mg8Si8O24,1.0
mp-644923,Si48O96,1.0
mp-645709,Sn4S4O16,1.0
mp-645740,Sn4S4O16,1.0
mp-645774,Sn4S4O16,1.0
mp-6459,Ca1Mg1C2O6,1.0
mp-646895,Si32O64,1.0
mp-647725,Os20C68O64,1.0
mp-647812,Cr4C24O24,1.0
mp-647840,Fe8C32S4O40,1.0
mp-648157,Os24C76O80,1.0
mp-648263,Os16C52S8O52,1.0
mp-648264,Os24C68S8O68,1.0
mp-648289,Os24C64S8O64,1.0
mp-648633,Fe12C40S4O40,1.0
mp-6493,Ca4Mg4Si4O16,1.0
mp-649676,Ca12Si12O36,1.0
mp-649754,Os6C18Se4O18,1.0
mp-649805,Fe16Ge4C64O64,1.0
mp-649945,Os16C52S4O52,1.0
mp-650029,Fe6W2C28S4O28,1.0
mp-6504,Ba1Mg1C2O6,1.0
mp-650978,Ru20C56S8O56,1.0
mp-650984,Ru24C68S8O68,1.0
mp-650996,Ru28C80S8O80,1.0
mp-651026,Os16C48Se8O48,1.0
mp-651051,Te8W12C60O60,1.0
mp-651231,Te8Ru16C44O44,1.0
mp-651707,Si28O56,1.0
mp-651724,Fe8Te8Ru8C44O44,1.0
mp-652092,Fe16Pb4C64O64,1.0
mp-652326,Fe6C18S4O18,1.0
mp-652337,Fe6Te4C18O18,1.0
mp-652366,Mo8Pb40O64,1.0
mp-6524,Ca1Mg3C4O12,1.0
mp-652407,Ru12C48O48,1.0
mp-653243,Ru8C28O26,1.0
mp-653267,Fe12Sn4C46O46,1.0
mp-653596,Fe16Si4C64O64,1.0
mp-653602,Os24C64S8O64,1.0
mp-653763,Si56O112,1.0
mp-653817,Fe12Ge4C46O46,1.0
mp-654299,Fe6C18S4O20,1.0
mp-655353,Ru2C8O8,1.0
mp-6564,Sr4Mg2Si4O14,1.0
mp-657338,Mg16Si16O48,1.0
mp-66,C2,1.0
mp-6607,Ca20Si8S4O48,1.0
mp-662535,Pb4Se8O20,1.0
mp-662706,Si28O56,1.0
mp-662792,Os8C24S4O24,1.0
mp-662796,Os8C26S4O24,1.0
mp-662802,Os12C38S2O38,1.0
mp-665,Sn1Se2,1.0
mp-6661,Ba2Ti2Si6O18,1.0
mp-667273,C60,1.0
mp-667368,Si32O64,1.0
mp-667369,Ca16Zr40Ti16O128,1.0
mp-667371,Si56O112,1.0
mp-667373,Si56O112,1.0
mp-667376,Si56O112,1.0
mp-667377,Si56O112,1.0
mp-667383,Si28O56,1.0
mp-6693,Ca2Zn2Si4O12,1.0
mp-669333,Ba10Si16O42,1.0
mp-669426,Si8O16,1.0
mp-6730,Sr6Zn2Pt2O12,1.0
mp-6753,Ca20Si8C8O52,1.0
mp-6766,Ca2Mg2Si4O12,1.0
mp-6796,Ca20Si8C4O44,1.0
mp-679947,Os8C32O32,1.0
mp-680143,Ge18Pb66O102,1.0
mp-680204,Si22O44,1.0
mp-680222,Si48O96,1.0
mp-680248,Os15C48O48,1.0
mp-680286,Os10C38O38,1.0
mp-680372,C60,1.0
mp-680711,Ca32Te40O112,1.0
mp-6809,Ca2Si2Sn2O10,1.0
mp-683831,Fe12Mo4C44Se4S12O44,1.0
mp-683919,C140,1.0
mp-683947,Si8O16,1.0
mp-683952,Si48O96,1.0
mp-683953,Si48O96,1.0
mp-683970,Si64O128,1.0
mp-684,Ba2S4,1.0
mp-685022,Te4Pb4,1.0
mp-687090,Hf6Mo12O48,1.0
mp-691,Sn4Se4,1.0
mp-6922,Si3O6,1.0
mp-6930,Si3O6,1.0
mp-6945,Si4O8,1.0
mp-6947,Si2O4,1.0
mp-697,Sn4O8,1.0
mp-6989,Ba2Se2O6,1.0
mp-7,S6,1.0
mp-700,Ge4Se4,1.0
mp-7000,Si3O6,1.0
mp-7029,Si4O8,1.0
mp-704545,Fe12C40Se4O40,1.0
mp-704604,Zr6Mo12O48,1.0
mp-705034,Cr8Pb40O64,1.0
mp-706411,Fe16Sn4C64O64,1.0
mp-706599,Sr24Te24O68,1.0
mp-7084,Sr4Ca4Si4,1.0
mp-7087,Si4O8,1.0
mp-726,Se8O16,1.0
mp-733,Ge3O6,1.0
mp-7339,Ba4Si4O12,1.0
mp-741,Hf4O8,1.0
mp-7487,Ba2O2,1.0
mp-753619,Ba1Sr1O2,1.0
mp-754672,Ti4O8,1.0
mp-7547,Ba2Se4,1.0
mp-7548,Ba2Se6,1.0
mp-7572,Mg2S2O8,1.0
mp-7582,Ge2S4,1.0
mp-7583,Si2S4,1.0
mp-760,Fe2Se4,1.0
mp-762,Pt1S2,1.0
mp-7648,Si4O8,1.0
mp-769077,Mg4Te6O16,1.0
mp-77,S32,1.0
mp-772676,Sr8W4O20,1.0
mp-774105,Ca10Ge6O22,1.0
mp-7765,Ba6Si2O10,1.0
mp-7781,Ca4Zr4S12,1.0
mp-7787,Hf4S4O4,1.0
mp-779906,Ca6W2O12,1.0
mp-7811,Sr1S1O4,1.0
mp-7812,Ge4O8,1.0
mp-7905,Si2O4,1.0
mp-7982,Mg4Si2O8,1.0
mp-7983,Mg2Si1O4,1.0
mp-7986,Ca1Sn1O3,1.0
mp-8042,Zr2Ge2O8,1.0
mp-8059,Si8O16,1.0
mp-8062,Si1C1,1.0
mp-8130,Ca4Ge4O12,1.0
mp-8231,Zr2S2O2,1.0
mp-8234,Ba2Te6,1.0
mp-8285,Zn2Ge2O6,1.0
mp-83,S56,1.0
mp-8335,Ba2Zr1O4,1.0
mp-8352,Si2O4,1.0
mp-8377,Te4O8,1.0
mp-8484,Zn4O8,1.0
mp-856,Sn2O4,1.0
mp-8570,Ba12Zr8S28,1.0
mp-8602,Si34O68,1.0
mp-866503,Ca8Sn4S16,1.0
mp-8682,Ca2Si1O4,1.0
mp-8710,Ca2Pt3O8,1.0
mp-8725,Hf4Sn4S12,1.0
mp-8727,Ba8Pt2O12,1.0
mp-8936,Sn2Se2,1.0
mp-917,Ca2C4,1.0
mp-9173,Ti4O8,1.0
mp-9179,Ba3Zr2S7,1.0
mp-924130,Ti1Ni1Sn1,1.0
mp-9258,Si4O8,1.0
mp-9321,Ba2Hf1S4,1.0
mp-9338,Ba4Mg2Si4O14,1.0
mp-9380,Sr3Ge12O27,1.0
mp-9413,Ca2Ti1Si1O6,1.0
mp-9478,Ba2Si8O18,1.0
mp-96,S32,1.0
mp-963,Zr4O8,1.0
mp-9668,Ba6Ti2S10,1.0
mp-971662,Si46,1.0
mp-9721,Ca3Ge1O1,1.0
mp-972117,Sr4Te4O12,1.0
mp-972387,Sr4Mg2Ge4O14,1.0
mp-973261,Mg4Sn2O8,1.0
mp-9755,Hf2Ge2O8,1.0
mp-978844,Sr1Ca3O4,1.0
mp-9812,Zn2C2O6,1.0
mp-984729,Ba1Sr3O4,1.0
mp-985829,Hf1S2,1.0
mp-985831,Hf1Se2,1.0
mp-9921,Zr2S6,1.0
mp-9922,Hf2S6,1.0
mp-999200,Si4,1.0
mp-680577,K4Ga8Cl28,0.0
mp-27529,P2I6,0.0
mp-23515,K24Co12Cl48,0.0
mp-683945,K8Er24F80,0.0
mp-27755,K4Al4Cl16,0.0
mp-580941,Ag4I4,0.0
mp-721303,Li4Be4H20N8F16,0.0
mp-632296,H2F2,0.0
mp-27573,Na2Sb6F20,0.0
mp-571636,In2Cl2,0.0
mp-27181,K4Au4Cl16,0.0
mp-6253,K2Li2Be2F8,0.0
mp-27209,K6Tl6F24,0.0
mp-1191979,Rb4Tl4F16,0.0
mp-540574,Cs2Hg3I8,0.0
mp-571225,Cd7I14,0.0
mp-571091,Cd7I14,0.0
mp-571514,Cd8I16,0.0
mp-571539,Cd8I16,0.0
mp-571567,Cd8I16,0.0
mp-571595,Cd10I20,0.0
mp-567594,Cs4Hg2I8,0.0
mp-706611,Li4Be4H16N4F16,0.0
mp-560008,P2N2F4,0.0
mp-558134,Tl2F2,0.0
mp-555463,Rb2Th6F26,0.0
mp-27344,Be8B16H64,0.0
mp-27390,K10Th2F18,0.0
mp-23045,B3N3Cl6,0.0
mp-23794,H8N2F2,0.0
mp-27411,Tl4P20,0.0
mp-570263,Cd9I18,0.0
mp-22894,Ag2I2,0.0
mp-554472,P6N6Cl6F6,0.0
mp-559366,P6Br6N6F6,0.0
mp-1880,Sb2F6,0.0
mp-27988,I2F14,0.0
mp-1190406,K4Hg4I12,0.0
mp-685145,B1N1,0.0
mp-569461,Hg4N24,0.0
mp-27650,Rb8B80H72,0.0
mp-23173,Hg2I4,0.0
mp-567702,Cs6Re6Cl24,0.0
mp-27925,K8Er16F56,0.0
mp-2412,Li4P20,0.0
mp-570044,Nb4I16,0.0
mp-696597,B5H9,0.0
mp-569346,Cu2I2,0.0
mp-570738,Ga12I24,0.0
mp-18299,U6F18,0.0
mp-569209,Sb2As2P2Cl26,0.0
mp-570225,Nb2As2P2Cl26,0.0
mp-672248,Ta2As2P2Cl26,0.0
mp-804,Ga2N2,0.0
mp-22205,In2N2,0.0
mp-27934,Cd2Br4,0.0
mp-27786,Sb2As4Cl26,0.0
mp-402,Cd4P8,0.0
mp-558769,Na6Li8Th12F62,0.0
mp-672346,Rb6V6I18,0.0
mp-569512,Sb4I4Cl32,0.0
mp-27935,Al2I2Cl12,0.0
mp-1105105,I10N4,0.0
mp-27821,Ag3P11,0.0
mp-632326,H2Cl2,0.0
mp-632229,H2Br2,0.0
mp-334,La6F18,0.0
mp-1202587,K4Ho8F28,0.0
mp-669326,Cd9I18,0.0
mp-669334,Cd15I30,0.0
mp-570613,Cd6I12,0.0
mp-571667,Cd13I26,0.0
mp-570448,Cd13I26,0.0
mp-696736,Rb1Be2F5,0.0
mp-707160,H4N4F8,0.0
mp-1064952,Na1N3,0.0
mp-23292,Hg2Br4,0.0
mp-570136,Cu6I6,0.0
mp-647489,Cd7I14,0.0
mp-560275,P12N12F24,0.0
mp-661,Al2N2,0.0
mp-23297,Br2F6,0.0
mp-27987,Br2F10,0.0
mp-1184928,I2F14,0.0
mp-1196526,Nb24I44,0.0
mp-568804,Hg36Bi8As16Br48,0.0
mp-556020,Li12Al4F24,0.0
mp-28027,As4F12,0.0
mp-571592,Cd8I16,0.0
mp-571654,Cd12I24,0.0
mp-680172,Cd22I44,0.0
mp-568423,Al4P4I32,0.0
mp-569964,Cd8I16,0.0
mp-627557,Cd9I18,0.0
mp-669360,Cd12I24,0.0
mp-680152,Cd15I30,0.0
mp-569468,Cd16I32,0.0
mp-571569,Cd9I18,0.0
mp-680093,Cd11I22,0.0
mp-680094,Cd11I22,0.0
mp-571603,Cd12I24,0.0
mp-680115,Cd14I28,0.0
mp-680120,Cd15I30,0.0
mp-28180,Sb32F120,0.0
mp-28198,Rb6In6I24,0.0
mp-696961,Be4H16N4F12,0.0
mp-571197,Cd7I14,0.0
mp-570054,Cd8I16,0.0
mp-571605,Cd10I20,0.0
mp-680092,Cd10I20,0.0
mp-571613,Cd12I24,0.0
mp-571668,Cd12I24,0.0
mp-571660,Cd12I24,0.0
mp-571635,Cd12I24,0.0
mp-28248,Cd2I4,0.0
mp-28123,H14N2F8,0.0
mp-696998,K12Bi2H6Cl16F8,0.0
mp-1205479,K44Sb22F110,0.0
mp-29611,B40H64,0.0
mp-697087,Sb2H4N6F12,0.0
mp-2653,B2N2,0.0
mp-2804,La8P16,0.0
mp-571559,Cd10I20,0.0
mp-571583,Cd10I20,0.0
mp-574663,Cd4I8,0.0
mp-1188728,Cd6I12,0.0
mp-569994,Cd4I8,0.0
mp-624400,Cd10I20,0.0
mp-571578,Cd10I20,0.0
mp-570089,Cd12I24,0.0
mp-680095,Cd20I40,0.0
mp-570437,Cd3I6,0.0
mp-570472,Cd5I10,0.0
mp-570671,Cd6I12,0.0
mp-571037,Cd7I14,0.0
mp-571136,Cd7I14,0.0
mp-571568,Cd8I16,0.0
mp-570019,Cd8I16,0.0
mp-570314,Cd9I18,0.0
mp-570410,Cd9I18,0.0
mp-571616,Cd10I20,0.0
mp-571579,Cd10I20,0.0
mp-571615,Cd10I20,0.0
mp-680055,Cd11I22,0.0
mp-570492,Cd13I26,0.0
mp-680116,Cd14I28,0.0
mp-680047,Cd14I28,0.0
mp-680046,Cd14I28,0.0
mp-680119,Cd15I30,0.0
mp-680118,Cd15I30,0.0
mp-582042,Cd15I30,0.0
mp-680133,Cd17I34,0.0
mp-569611,Cd17I34,0.0
mp-582084,Cd18I36,0.0
mp-570695,Cd6I12,0.0
mp-570781,Cd6I12,0.0
mp-570165,Cd9I18,0.0
mp-624399,Cd9I18,0.0
mp-624406,Cd10I20,0.0
mp-569666,Cd17I34,0.0
mp-571535,Cd8I16,0.0
mp-571538,Cd10I20,0.0
mp-680112,Cd11I22,0.0
mp-680113,Cd11I22,0.0
mp-680114,Cd11I22,0.0
mp-570552,Cd13I26,0.0
mp-669340,Cd14I28,0.0
mp-680144,Cd19I38,0.0
mp-680145,Cd20I40,0.0
mp-680148,Cd20I40,0.0
mp-571519,Cd7I14,0.0
mp-624417,Cd11I22,0.0
mp-624418,Cd11I22,0.0
mp-571593,Cd12I24,0.0
mp-570610,Cd13I26,0.0
mp-680146,Cd19I38,0.0
mp-680153,Cd21I42,0.0
mp-680163,Cd25I50,0.0
mp-680196,Cd29I58,0.0
mp-571646,Cd12I24,0.0
mp-571607,Cd12I24,0.0
mp-571516,Cd16I32,0.0
mp-569722,Cd17I34,0.0
mp-1180551,Li4Be4N4F16,0.0
mp-29721,B12H20,0.0
mp-680111,Cd4I8,0.0
mp-24093,Cu2H2,0.0
mp-570082,Cd8I16,0.0
mp-669357,Cd11I22,0.0
mp-669358,Cd11I22,0.0
mp-29515,P2H4F6,0.0
mp-5707,Cs2As2F8,0.0
mp-560127,K4Mn2F12,0.0
mp-28361,Al4Cd2Cl16,0.0
mp-541104,Na2Mn6F20,0.0
mp-541113,Cs12P28,0.0
mp-650841,Ga12Br24,0.0
mp-28398,Na20Mn12F56,0.0
mp-18511,Nd6F18,0.0
mp-1182429,Be8N16F32,0.0
mp-28408,K4Tc4Cl12,0.0
mp-1197798,H32,0.0
mp-652621,In40Br56,0.0
mp-730190,H32N8F8,0.0
mp-28726,K18Y18F72,0.0
mp-616204,Ga12Cl28,0.0
mp-8880,Al2P2,0.0
mp-8881,Al2As2,0.0
mp-8882,Ga2P2,0.0
mp-8883,Ga2As2,0.0
mp-560570,Rb2Na1Al6F21,0.0
mp-28680,K6Ga6Br24,0.0
mp-654372,K48Co24Cl96,0.0
mp-28792,P4N3Cl11,0.0
mp-568854,Cs6Re6Br6Cl18,0.0
mp-28889,Hg20Sb8I24,0.0
mp-556103,Cs18Ga12F54,0.0
mp-29033,P3Br1Cl14,0.0
mp-571242,Rb8Co4Cl16,0.0
mp-29783,B40H72,0.0
mp-643759,Ga2H6N2F6,0.0
mp-29895,Rb12Bi8I36,0.0
mp-29904,Sb2Xe4F18,0.0
mp-569525,Na1Li5N2,0.0
mp-30159,Au2Br2F12,0.0
mp-644223,Li2B2H8,0.0
mp-1954,P3N5,0.0
mp-1202807,Al2H24N6F12,0.0
mp-9575,Li2Be2Sb2,0.0
mp-29246,Cd4P6Cl2,0.0
mp-570511,Cd5I10,0.0
mp-570559,Cd5I10,0.0
mp-570882,Cd6I12,0.0
mp-570939,Cd6I12,0.0
mp-570127,Cd8I16,0.0
mp-684029,Cd14I28,0.0
mp-570172,Hg2I2Br2,0.0
mp-571558,Hg3Br6,0.0
mp-1205325,K2Na4Al2H12,0.0
mp-569811,Yb22Ga2Sb18,0.0
mp-23719,Be2Al2H10,0.0
mp-569787,Al4B12H48,0.0
mp-35082,B2H12N2,0.0
mp-567290,La2N2,0.0
mp-1079676,Li2Be2H6,0.0
mp-1599,B4N4,0.0
mp-344,B4N4,0.0
mp-571414,K1Na1B2H8,0.0
mp-568439,K1Na1B2H8,0.0
mp-4360,Na2Cd2F6,0.0
mp-1102924,Na2Al2H8,0.0
mp-1105968,B2H12N2,0.0
mp-1188440,Li2Mn2V2F12,0.0
mp-977164,Li3H3N2,0.0
mp-1067451,Tc2B2,0.0
mp-683949,Al4P12N12Cl36,0.0
mp-556171,Cd4P8Xe20F88,0.0
mp-1095543,Li2B2H8,0.0
mp-569106,Yb4Cd2Sb4,0.0
mp-1201065,Li30H18N16,0.0
mp-1200910,Li28H20N16,0.0
mp-966800,In2P2,0.0
mp-1106386,B2H12N2,0.0
mp-1195726,Na4Li4B8H40N8,0.0
mp-1070456,Be3N2,0.0
mp-1196426,Yb22Al2Sb18,0.0
mp-1201270,K18Er18F72,0.0
mp-1202279,K18Ho18F72,0.0
mp-1202753,K18Tm18F72,0.0
mp-1198717,K18Y18F72,0.0
mp-1232407,Li6B6H32N4,0.0
mp-1018100,Al2Sb2,0.0
mp-1077506,B3N3,0.0
mp-1019323,Th2H1N3,0.0
mp-1103709,Rb4Cd2I4Br4,0.0
mp-560748,Sb4Cl12F8,0.0
mp-1238445,Be8H64N16F32,0.0
mp-29576,Cd14P20,0.0
mp-24614,Be8H64N16F32,0.0
mp-29292,B80H104,0.0
mp-1180573,Nb24H4I44,0.0
mp-29449,Rb16Cu20Cl36,0.0
mp-29314,Rb6V6Br18,0.0
mp-29336,Rb4Pu2Cl12,0.0
mp-1087524,Li2H4N2,0.0
mp-1189646,Li4H8N4,0.0
mp-1197471,Li2As2Xe6F24,0.0
mp-558728,Cs3Li2F5,0.0
mp-560088,Cs2Li3F5,0.0
mp-606711,Cs3Li1Cl4,0.0
mp-570756,Cs3Li2Cl5,0.0
mp-1080005,Cs3Li2Br5,0.0
mp-580554,Cs2Li6Br8,0.0
mp-1190087,Cs4Li4I8,0.0
mp-1184020,Cs2Li6I8,0.0
mp-866663,K6Ta2F16,0.0
mp-1106172,B2H10N2Cl2,0.0
mp-1194847,Y4B12H132N28,0.0
mp-1201574,In4Hg12P6Cl18,0.0
mp-1103416,Na2B2H8,0.0
mp-699937,K16Mn16Be24F96,0.0
mp-18361,K14Nb2As8,0.0
mp-18073,K14Ta2As8,0.0
mp-18440,Rb14Nb2As8,0.0
mp-680466,In2Bi74Br96,0.0
mp-567472,Cu12P48I12,0.0
mp-1189443,H4N4F8,0.0
mp-759690,Mn2H16N4F12,0.0
mp-571006,Yb4P20,0.0
mp-570828,Al8Hg16Sb8Cl32,0.0
mp-1079049,Ir1N4Cl4,0.0
mp-29845,Cs9Hg9Cl27,0.0
mp-10419,Na8Re2N6,0.0
mp-1199772,Sb16Xe8Cl8F88,0.0
mp-554764,Sb12Au12F88,0.0
mp-1201608,Sb8As4Au4Xe4F56,0.0
mp-31251,Ga8Sb32Cl32,0.0
mp-569854,Ga6Bi10Cl24,0.0
mp-569237,Ga12Bi48Cl48,0.0
mp-570935,Li2I2,0.0
mp-567352,Ga8Sb32Br32,0.0
mp-571502,Ga8Bi32Br32,0.0
mp-1199218,Li12As28H156N52,0.0
mp-683925,Cs8Sb24F128,0.0
mp-641661,Xe16F96,0.0
mp-570838,Cd2Hg8As4I8,0.0
mp-568031,Ga8Hg16Sb8Cl32,0.0
mp-570504,Yb22In2Sb18,0.0
mp-555932,Rb4Er12F40,0.0
mp-571379,In4Ga8Cl28,0.0
mp-568100,Re1N1Cl4,0.0
mp-1198625,H28N8F4,0.0
mp-569580,Na4La16I28N8,0.0
mp-570548,Na4Pr16I28N8,0.0
mp-568759,Na4Nd16I28N8,0.0
mp-1200814,B4H48N16F12,0.0
mp-1102129,Na4Yb2Cd2Sb4,0.0
mp-1204824,Li4B4H32N8,0.0
mp-1201648,Li4B4H48N16,0.0
mp-1198478,Br8N24,0.0
mp-1095181,N6Cl2,0.0
mp-1192457,Sb2Ir2Xe2F24,0.0
mp-1066781,Br2Cl2,0.0
mp-1198361,Al12Bi48Cl48,0.0
mp-1195481,Hg4As8Xe20F88,0.0
mp-1190782,Li8Yb8Bi8,0.0
mp-1008559,B2P2,0.0
mp-1066400,Na1N3,0.0
