,material_id,full_formula,pretty_formula,LOG ,LOG Prob,DT ,DT Prob,RF ,RF Prob,GB ,GB Prob
1,mp-7,S6,S,1.0,0.9898060292843932,1.0,1.0,1.0,0.93,1.0,0.999970806107727
2,mp-14,Se3,Se,1.0,0.9977526653419084,1.0,1.0,1.0,0.97,1.0,0.999970806107727
3,mp-19,Te3,Te,1.0,0.9979694711459713,1.0,1.0,1.0,0.95,1.0,0.999970806107727
8,mp-111,Ne1,Ne,1.0,0.9857341244885751,1.0,1.0,1.0,0.949655870445344,1.0,0.999970806107727
10,mp-137,Ge12,Ge,1.0,0.9972510892609476,1.0,1.0,1.0,0.9197435897435898,1.0,0.999970806107727
11,mp-147,Se6,Se,1.0,0.9943515063060276,1.0,1.0,1.0,0.93,1.0,0.999970806107727
13,mp-157,P4,P,1.0,0.9937453621372121,1.0,1.0,1.0,0.998076923076923,1.0,0.999970806107727
16,mp-189,Si4Ru4,SiRu,1.0,0.9517955245084821,1.0,1.0,1.0,0.9513225371120109,1.0,0.999970806107727
28,mp-252,Be1Te1,BeTe,1.0,0.9707727486952323,1.0,0.625,1.0,0.8759935897435898,1.0,0.999970806107727
34,mp-286,Yb1Se1,YbSe,1.0,0.855160453004758,1.0,0.625,1.0,0.82,1.0,0.999970806107727
35,mp-288,Pt2S2,PtS,1.0,0.6275780148465356,1.0,1.0,1.0,0.5289956140350877,1.0,0.8691802453936546
45,mp-344,B4N4,BN,1.0,0.7688636346677828,1.0,1.0,1.0,0.6495000000000001,1.0,0.999970806107727
47,mp-358,Hg3Te3,HgTe,1.0,0.9350419113640278,1.0,1.0,1.0,0.8375789473684211,1.0,0.999970806107727
48,mp-361,Cu4O2,Cu2O,1.0,0.5267348336097476,1.0,0.625,1.0,0.5390249180643917,1.0,0.6951502689813632
53,mp-383,Rb4Te2,Rb2Te,1.0,0.7122739225253234,1.0,0.625,1.0,0.5136666666666666,1.0,0.9630988868125224
57,mp-402,Cd4P8,CdP2,1.0,0.8155477552458071,1.0,1.0,1.0,0.6792435897435897,1.0,0.999970806107727
58,mp-406,Cd1Te1,CdTe,1.0,0.9976531426595491,1.0,1.0,1.0,0.96,1.0,0.999970806107727
63,mp-422,Be1S1,BeS,1.0,0.93304270254044,1.0,0.625,1.0,0.9697435897435897,1.0,0.999970806107727
66,mp-441,Rb2Te1,Rb2Te,1.0,0.6743692646832846,1.0,0.625,1.0,0.5511666666666667,1.0,0.9630988868125224
72,mp-471,Cd2As4,CdAs2,1.0,0.9526738206532029,1.0,1.0,1.0,0.8087272990167728,1.0,0.999970806107727
83,mp-563,C6N8,C3N4,1.0,0.753816763702757,1.0,1.0,1.0,0.6,1.0,0.999970806107727
90,mp-634,Hg3S3,HgS,1.0,0.5938181826617857,1.0,1.0,1.0,0.6274166666666667,1.0,0.999970806107727
95,mp-665,Sn1Se2,SnSe2,1.0,0.8626371041418539,1.0,1.0,1.0,0.7386666666666667,1.0,0.999970806107727
101,mp-691,Sn4Se4,SnSe,1.0,0.8781649494777185,1.0,1.0,1.0,0.6999047619047619,1.0,0.8793587738392741
103,mp-700,Ge4Se4,GeSe,1.0,0.8880221412260998,1.0,1.0,1.0,0.7362272990167728,1.0,0.999970806107727
109,mp-730,P8Pt4,P2Pt,0.0,0.4821916698327503,1.0,1.0,1.0,0.5589956140350876,1.0,0.8691802453936546
117,mp-766,As4Ru2,As2Ru,1.0,0.8644371850052811,1.0,1.0,1.0,0.6119729130518604,1.0,0.8793587738392741
119,mp-820,Hg1Se1,HgSe,1.0,0.9893139026460699,1.0,1.0,1.0,0.94,1.0,0.999970806107727
127,mp-871,Fe4Si4,FeSi,1.0,0.9823386088077667,1.0,1.0,1.0,0.9513225371120109,1.0,0.999970806107727
133,mp-913,Cd8P16,CdP2,1.0,0.8024950650036264,1.0,1.0,1.0,0.6471602564102565,1.0,0.999970806107727
136,mp-938,Ge1Te1,GeTe,1.0,0.9741909731577936,1.0,1.0,1.0,0.9415789473684211,1.0,0.999970806107727
137,mp-947,Au4S2,Au2S,1.0,0.7644871544568874,1.0,1.0,1.0,0.6588333333333334,1.0,0.999970806107727
145,mp-1000,Ba1Te1,BaTe,1.0,0.9511945986126782,1.0,0.625,1.0,0.81,1.0,0.999970806107727
148,mp-1039,Mg2Te2,MgTe,1.0,0.9851813603412697,1.0,1.0,1.0,0.9840000000000001,1.0,0.999970806107727
152,mp-1070,Cd2Se2,CdSe,1.0,0.9922149516806461,1.0,1.0,1.0,0.99,1.0,0.999970806107727
156,mp-1102,Lu1N1,LuN,1.0,0.5369645409394775,1.0,0.625,1.0,0.5733690476190476,1.0,0.9310938693839974
166,mp-1156,Ga1Sb1,GaSb,1.0,0.9971238557146975,1.0,1.0,1.0,0.9897435897435898,1.0,0.999970806107727
172,mp-1201,Sb2Te3,Sb2Te3,1.0,0.9305370815237284,1.0,1.0,1.0,0.6930000000000001,1.0,0.8793587738392741
175,mp-1222,Cr3Si6,CrSi2,1.0,0.9579438004395087,1.0,1.0,1.0,0.9089892037786774,1.0,0.9531896429710104
183,mp-1265,Mg1O1,MgO,1.0,0.6077521116910075,1.0,0.625,1.0,0.7458690476190476,1.0,0.999970806107727
191,mp-1315,Mg1S1,MgS,1.0,0.9171542811013008,1.0,0.625,1.0,0.8375,1.0,0.999970806107727
194,mp-1340,Ga4Se6,Ga2Se3,1.0,0.8574127708742416,1.0,1.0,1.0,0.8183333333333332,1.0,0.999970806107727
197,mp-1346,B12O2,B6O,1.0,0.6803867696154039,1.0,1.0,1.0,0.602,1.0,0.999970806107727
199,mp-1367,Mg2Si1,Mg2Si,1.0,0.8090525402537895,1.0,0.625,1.0,0.5387272990167726,1.0,0.6951502689813632
202,mp-1379,Sn2S2,SnS,1.0,0.9119222787823202,1.0,1.0,1.0,0.7599047619047619,1.0,0.999970806107727
218,mp-1479,B1P1,BP,1.0,0.9795662713515084,1.0,0.625,1.0,0.9573729572800781,1.0,0.999970806107727
222,mp-1519,Ca1Te1,CaTe,1.0,0.919618709500851,1.0,0.625,1.0,0.8,1.0,0.999970806107727
225,mp-1541,Be1Se1,BeSe,1.0,0.9326468044513733,1.0,0.625,1.0,0.9585916289592759,1.0,0.999970806107727
230,mp-1569,Be2C1,Be2C,0.0,0.4637795053709221,1.0,1.0,1.0,0.6042857142857143,1.0,0.9539270089142129
231,mp-1572,Ga4Se4,GaSe,1.0,0.8659843450672254,1.0,1.0,1.0,0.8083333333333332,1.0,0.999970806107727
239,mp-1599,B4N4,BN,0.0,0.1373276699497217,1.0,1.0,1.0,0.61,1.0,0.999970806107727
242,mp-1639,B1N1,BN,1.0,0.9950589246023669,1.0,1.0,1.0,0.97,1.0,0.999970806107727
255,mp-1747,K2Te1,K2Te,1.0,0.5677823106773516,1.0,0.625,1.0,0.5411666666666668,1.0,0.9630988868125224
260,mp-1778,Be1O1,BeO,1.0,0.8563491887350262,1.0,1.0,1.0,0.8913333333333334,1.0,0.8123094275949628
261,mp-1779,Yb1Te1,YbTe,1.0,0.9597191585623849,1.0,0.625,1.0,0.81,1.0,0.999970806107727
264,mp-1794,Be1O1,BeO,1.0,0.844699019276256,1.0,1.0,1.0,0.8213333333333334,1.0,0.9539270089142129
268,mp-1820,Yb1S1,YbS,1.0,0.7701463409036562,1.0,0.625,1.0,0.7355833333333334,1.0,0.999970806107727
279,mp-1876,Sn1S1,SnS,1.0,0.952966890064727,1.0,0.625,1.0,0.8615789473684211,1.0,0.999970806107727
281,mp-1883,Sn1Te1,SnTe,1.0,0.992523532722854,1.0,0.625,1.0,0.86,1.0,0.999970806107727
286,mp-1943,Ga4Se4,GaSe,1.0,0.9004450677798662,1.0,1.0,1.0,0.8383333333333333,1.0,0.999970806107727
289,mp-1958,Sr1Te1,SrTe,1.0,0.9466158057503965,1.0,0.625,1.0,0.78,1.0,0.999970806107727
293,mp-1985,C6N8,C3N4,1.0,0.7542064586300604,1.0,1.0,1.0,0.5720000000000001,1.0,0.999970806107727
301,mp-2071,Zn24P16,Zn3P2,1.0,0.7322585920241174,1.0,1.0,1.0,0.6212392037786775,1.0,0.999970806107727
303,mp-2074,Li3Sb1,Li3Sb,1.0,0.8887901397914857,1.0,0.625,1.0,0.7696126373626373,1.0,0.999970806107727
309,mp-2097,Sn2O2,SnO,1.0,0.6435622050228341,1.0,1.0,1.0,0.5768225371120108,1.0,0.999970806107727
320,mp-2168,Sn2Se2,SnSe,1.0,0.9000871053106064,1.0,1.0,1.0,0.6890714285714288,1.0,0.8793587738392741
323,mp-2201,Pb1Se1,PbSe,1.0,0.9538032867132927,1.0,0.625,1.0,0.8415789473684211,1.0,0.999970806107727
324,mp-2231,Sn4S4,SnS,1.0,0.8201479983632415,1.0,1.0,1.0,0.6479122807017543,1.0,0.999970806107727
327,mp-2242,Ge4S4,GeS,1.0,0.8871567911932248,1.0,1.0,1.0,0.7620769230769231,1.0,0.999970806107727
338,mp-2319,P4Os2,P2Os,1.0,0.6066177744271527,1.0,1.0,1.0,0.5437392037786775,1.0,0.8691802453936546
354,mp-2455,As4Os2,As2Os,1.0,0.7874268622925423,1.0,1.0,1.0,0.6206503759398497,1.0,0.9531896429710104
360,mp-2488,Si4Os4,SiOs,1.0,0.8683926562108225,1.0,1.0,1.0,0.8827511085405823,1.0,0.999970806107727
367,mp-2542,Be2O2,BeO,1.0,0.9164601345641219,1.0,1.0,1.0,0.8593333333333334,1.0,0.999970806107727
374,mp-2600,Ba1Te1,BaTe,1.0,0.9468650738836897,1.0,0.625,1.0,0.88,1.0,0.999970806107727
377,mp-2612,Ge1Te1,GeTe,1.0,0.9818775246374946,1.0,0.625,1.0,0.86,1.0,0.999970806107727
378,mp-2624,Al1Sb1,AlSb,1.0,0.9936096842234755,1.0,1.0,1.0,0.9713225371120109,1.0,0.999970806107727
386,mp-2653,B2N2,BN,1.0,0.9912136789590623,1.0,1.0,1.0,0.97,1.0,0.999970806107727
389,mp-2667,Cs1Au1,CsAu,1.0,0.9392889466488539,1.0,0.625,1.0,0.82,1.0,0.999970806107727
391,mp-2691,Cd1Se1,CdSe,1.0,0.993186038032219,1.0,1.0,1.0,0.97,1.0,0.999970806107727
392,mp-2693,Sn1Se1,SnSe,1.0,0.9781547968740476,1.0,0.625,1.0,0.8415789473684211,1.0,0.999970806107727
403,mp-2782,Zn8P16,ZnP2,1.0,0.8631821389040182,1.0,1.0,1.0,0.7048269230769231,1.0,0.999970806107727
438,mp-2961,Mg2Si2P4,MgSiP2,1.0,0.8821011856487788,1.0,1.0,1.0,0.7077435897435898,1.0,0.999970806107727
444,mp-2979,Zn4Ge4N8,ZnGeN2,1.0,0.5801480056335854,1.0,1.0,1.0,0.6325844418739156,1.0,0.8123094275949628
471,mp-3078,Cd2Si2As4,CdSiAs2,1.0,0.9237370382960424,1.0,1.0,1.0,0.7201558704453441,1.0,0.999970806107727
498,mp-3167,Hg2Ge1Se4,Hg2GeSe4,1.0,0.6628500926406541,1.0,1.0,1.0,0.5788170426065163,1.0,0.999970806107727
599,mp-3525,Sb2Te2Se1,Sb2Te2Se,1.0,0.9188402465042379,1.0,1.0,1.0,0.7655000000000001,1.0,0.999970806107727
619,mp-3595,Zn2Si2As4,ZnSiAs2,1.0,0.9772622626514014,1.0,1.0,1.0,0.9580769230769229,1.0,0.999970806107727
639,mp-3668,Cd2Ge2P4,CdGeP2,1.0,0.8750763343093616,1.0,1.0,1.0,0.8302435897435898,1.0,0.999970806107727
667,mp-3772,Cd1Ga2Se4,Cd(GaSe2)2,1.0,0.7589234709842636,1.0,1.0,1.0,0.7386666666666667,1.0,0.999970806107727
685,mp-3829,Cd2Sn2As4,CdSnAs2,1.0,0.9933964672046883,1.0,1.0,1.0,0.97,1.0,0.999970806107727
689,mp-3839,Ga2Cu2Te4,GaCuTe2,1.0,0.9649630233709607,1.0,1.0,1.0,0.8383333333333333,1.0,0.999970806107727
717,mp-3934,Cu6P2S8,Cu3PS4,1.0,0.7924245763934379,1.0,1.0,1.0,0.5565725371120108,1.0,0.999970806107727
743,mp-4008,Zn2Ge2As4,ZnGeAs2,1.0,0.9951912307573318,1.0,1.0,1.0,0.9997435897435898,1.0,0.999970806107727
776,mp-4152,Ga2Co1S4,Ga2CoS4,1.0,0.7685612195309686,1.0,1.0,1.0,0.7184102564102564,1.0,0.999970806107727
786,mp-4175,Zn2Sn2P4,ZnSnP2,1.0,0.9177300436557315,1.0,1.0,1.0,0.8102435897435898,1.0,0.999970806107727
864,mp-4524,Zn2Ge2P4,ZnGeP2,1.0,0.9870306572994476,1.0,1.0,1.0,0.9584935897435898,1.0,0.999970806107727
886,mp-4586,Li2Al2Te4,LiAlTe2,1.0,0.8418553993758057,1.0,1.0,1.0,0.7350833333333334,1.0,0.999970806107727
914,mp-4666,Cd2Si2P4,CdSiP2,1.0,0.8683542193936014,1.0,1.0,1.0,0.8081602564102565,1.0,0.999970806107727
932,mp-4730,Ga2Hg1Se4,Ga2HgSe4,1.0,0.7167075207582646,1.0,1.0,1.0,0.657,1.0,0.999970806107727
945,mp-4763,Zn2Si2P4,ZnSiP2,1.0,0.9445070552041965,1.0,1.0,1.0,0.9134935897435897,1.0,0.999970806107727
968,mp-4840,Ga2Cu2Se4,GaCuSe2,1.0,0.9727013864455399,1.0,1.0,1.0,0.99,1.0,0.999970806107727
982,mp-4899,Ga2Ag2Te4,GaAgTe2,1.0,0.9709769932795088,1.0,1.0,1.0,0.98,1.0,0.999970806107727
993,mp-4953,Cd2Ge2As4,CdGeAs2,1.0,0.9635796499432145,1.0,1.0,1.0,0.8780000000000001,1.0,0.999970806107727
1001,mp-4979,Al2Cu2S4,AlCuS2,1.0,0.9325373882518543,1.0,1.0,1.0,0.8844935897435897,1.0,0.999970806107727
1021,mp-5048,Li2Ga2Te4,LiGaTe2,1.0,0.8906045393593547,1.0,1.0,1.0,0.8068333333333334,1.0,0.999970806107727
1059,mp-5190,Zn2Sn2As4,ZnSnAs2,1.0,0.9649343384050555,1.0,1.0,1.0,0.8463333333333334,1.0,0.999970806107727
1063,mp-5213,Cd2Sn2P4,CdSnP2,1.0,0.9671285756177168,1.0,1.0,1.0,0.9613225371120109,1.0,0.999970806107727
1070,mp-5238,Ga2Cu2S4,GaCuS2,1.0,0.9701844152449454,1.0,0.625,1.0,0.9099935897435897,1.0,0.999970806107727
1094,mp-5342,Ga2Ag2S4,GaAgS2,1.0,0.8221875108638673,1.0,1.0,1.0,0.8684935897435898,1.0,0.999970806107727
1097,mp-5350,Zn1Ga2S4,Zn(GaS2)2,1.0,0.7580734454222318,1.0,1.0,1.0,0.8205769230769229,1.0,0.999970806107727
1146,mp-5518,Ga2Ag2Se4,GaAgSe2,1.0,0.9208038569804805,1.0,1.0,1.0,0.8588333333333334,1.0,0.999970806107727
1202,mp-5782,Al2Ag2S4,AlAgS2,1.0,0.744570718617811,1.0,1.0,1.0,0.6639935897435898,1.0,0.999970806107727
1420,mp-6356,Cd4Ga2Ag2S8,Cd2GaAgS4,1.0,0.8068120027106163,1.0,1.0,1.0,0.8034166666666667,1.0,0.999970806107727
1442,mp-6408,Zn1Cu2Ge1S4,ZnCu2GeS4,1.0,0.9438141588799593,1.0,1.0,1.0,0.9159935897435898,1.0,0.999970806107727
1457,mp-6449,Cd2Cu4Si2S8,CdCu2SiS4,1.0,0.7359380862638166,1.0,1.0,1.0,0.6235769230769231,1.0,0.999970806107727
1719,mp-7188,Al2Os1,Al2Os,1.0,0.6468940078897217,1.0,1.0,1.0,0.5970249180643917,1.0,0.8691802453936546
1741,mp-7262,Zn8As16,ZnAs2,1.0,0.9746036347368526,1.0,1.0,1.0,0.9183333333333333,1.0,0.999970806107727
1759,mp-7372,Zn8As8,ZnAs,1.0,0.9332508731973895,1.0,1.0,1.0,0.7076558704453442,1.0,0.999970806107727
1760,mp-7373,Cd8As8,CdAs,1.0,0.9038319274250333,1.0,1.0,1.0,0.6720789473684211,1.0,0.8793587738392741
1835,mp-7599,Be4O4,BeO,1.0,0.6579648685563095,1.0,1.0,1.0,0.752,1.0,0.8691802453936546
1899,mp-7798,Mg4Ge4N8,MgGeN2,0.0,0.49729598454686724,1.0,0.625,1.0,0.5192034894929631,1.0,0.9916613330247022
1911,mp-7844,Mg6As4,Mg3As2,1.0,0.9197541765937496,1.0,1.0,1.0,0.7601558704453442,1.0,0.999970806107727
1912,mp-7846,Zn6P4,Zn3P2,1.0,0.9088842278134484,1.0,1.0,1.0,0.6976558704453442,1.0,0.8793587738392741
1929,mp-7907,Al2Zn1Se4,Al2ZnSe4,1.0,0.757139686494797,1.0,1.0,1.0,0.7028333333333333,1.0,0.999970806107727
1930,mp-7908,Al2Zn1Te4,Al2ZnTe4,1.0,0.8607584839652312,1.0,1.0,1.0,0.7286666666666668,1.0,0.999970806107727
1931,mp-7909,Al2Cd1Te4,Al2CdTe4,1.0,0.7430321626172468,1.0,1.0,1.0,0.667,1.0,0.999970806107727
1978,mp-8016,Al2Cu2Se4,AlCuSe2,1.0,0.9643494104574781,1.0,1.0,1.0,0.9697435897435898,1.0,0.999970806107727
1979,mp-8017,Al2Cu2Te4,AlCuTe2,1.0,0.9424074720691968,1.0,1.0,1.0,0.7603333333333333,1.0,0.999970806107727
1994,mp-8085,Mg6P4,Mg3P2,1.0,0.9204656676569575,1.0,1.0,1.0,0.822465394254868,1.0,0.999970806107727
2037,mp-8211,Ga2Ge2Te2,GaGeTe,1.0,0.836624124017019,1.0,1.0,1.0,0.7883333333333333,1.0,0.999970806107727
2078,mp-8311,Si3Ni1P4,Si3NiP4,1.0,0.9694822477934767,1.0,1.0,1.0,0.9813225371120109,1.0,0.999970806107727
2093,mp-8360,Rb4Te4,RbTe,0.0,0.47566374478381607,1.0,0.625,1.0,0.5155714285714286,1.0,0.9183682067183131
2225,mp-8860,Na3As1,Na3As,1.0,0.8917257631428467,1.0,0.625,1.0,0.6968333333333334,1.0,0.999970806107727
2255,mp-8938,Si6Mo3,Si2Mo,1.0,0.8771571976121854,1.0,1.0,1.0,0.7407392037786775,1.0,0.9531896429710104
2256,mp-8939,Si6W3,Si2W,1.0,0.758256854494626,1.0,1.0,1.0,0.6914058704453442,1.0,0.9936288342064831
2354,mp-9248,Cu4Si2S6,Cu2SiS3,1.0,0.8315008750035027,1.0,1.0,1.0,0.7449935897435899,1.0,0.999970806107727
2357,mp-9252,Hg3S3,HgS,1.0,0.5132400410584775,1.0,1.0,1.0,0.59575,1.0,0.999970806107727
2412,mp-9410,C12N16,C3N4,1.0,0.6577943403923413,1.0,1.0,1.0,0.547,1.0,0.999970806107727
2446,mp-9538,Ag6As2S8,Ag3AsS4,1.0,0.7748912113339632,1.0,1.0,1.0,0.81875,1.0,0.999970806107727
2448,mp-9548,Ge6As6,GeAs,1.0,0.9492355912399093,1.0,1.0,1.0,0.8282272990167726,1.0,0.999970806107727
2582,mp-9900,Ag4Ge2S6,Ag2GeS3,1.0,0.7254622282363163,1.0,1.0,1.0,0.7034166666666667,1.0,0.999970806107727
2596,mp-10009,Ga4Te4,GaTe,1.0,0.8695165136122723,1.0,1.0,1.0,0.7983333333333333,1.0,0.999970806107727
2597,mp-10013,Sn1S1,SnS,1.0,0.9925764904821099,1.0,1.0,1.0,0.9797435897435898,1.0,0.999970806107727
2598,mp-10044,B1As1,BAs,1.0,0.9807190690862035,1.0,1.0,1.0,0.9663225371120109,1.0,0.999970806107727
2613,mp-10159,K3Sb1,K3Sb,1.0,0.9353055886716324,1.0,0.625,1.0,0.89,1.0,0.999970806107727
2649,mp-10378,Cs3Sb1,Cs3Sb,1.0,0.9808475136417361,1.0,0.625,1.0,0.8875,1.0,0.999970806107727
2692,mp-10525,Na1Li2N1,NaLi2N,1.0,0.8109892276978129,1.0,0.625,1.0,0.7714166666666666,1.0,0.999970806107727
2714,mp-10627,Sr1S1,SrS,1.0,0.7750647157628661,1.0,0.625,1.0,0.51725,1.0,0.999970806107727
2716,mp-10648,Yb2Se2,YbSe,1.0,0.9269251497464833,1.0,0.625,1.0,0.77,1.0,0.999970806107727
2717,mp-10653,Sr1Te1,SrTe,1.0,0.9583557208911597,1.0,0.625,1.0,0.9233333333333333,1.0,0.999970806107727
2719,mp-10680,Ba1Se1,BaSe,1.0,0.8106512391000318,1.0,0.625,1.0,0.8433333333333333,1.0,0.999970806107727
2724,mp-10759,Ge1Se1,GeSe,1.0,0.9730173209843802,1.0,0.625,1.0,0.8713225371120109,1.0,0.999970806107727
2725,mp-10760,Mg1Se1,MgSe,1.0,0.9106011570641588,1.0,0.625,1.0,0.9433333333333332,1.0,0.999970806107727
2749,mp-10824,Zn1Cu2Ge1Se4,ZnCu2GeSe4,1.0,0.9683291857113094,1.0,1.0,1.0,0.9883333333333333,1.0,0.999970806107727
2774,mp-10967,Cd1Cu2Ge1Se4,CdCu2GeSe4,1.0,0.9313915831108037,1.0,1.0,1.0,0.8885,1.0,0.999970806107727
2796,mp-11025,Zn8P16,ZnP2,1.0,0.8637921582345492,1.0,1.0,1.0,0.7048269230769231,1.0,0.999970806107727
2812,mp-11151,Na4Pr4Te8,NaPrTe2,1.0,0.5602558784724052,1.0,1.0,1.0,0.608328947368421,1.0,0.9936288342064831
2821,mp-11191,Cr3Si6,CrSi2,1.0,0.9577336158988653,1.0,1.0,1.0,0.9089892037786774,1.0,0.9531896429710104
2824,mp-11327,Rb2Se1,Rb2Se,1.0,0.5082026287436927,1.0,0.625,1.0,0.5311666666666668,1.0,0.9630988868125224
2825,mp-11342,Ga2Se2,GaSe,1.0,0.8734088585244987,1.0,1.0,1.0,0.8283333333333333,1.0,0.999970806107727
2829,mp-11582,Li4Ga4Se8,LiGaSe2,1.0,0.7394275523531401,1.0,1.0,1.0,0.7245,1.0,0.999970806107727
2837,mp-11607,Si6N8,Si3N4,1.0,0.7593586678931845,1.0,1.0,1.0,0.7406602564102565,1.0,0.8691802453936546
2907,mp-12103,N2,N2,1.0,0.9913057508348598,1.0,1.0,1.0,0.96,1.0,0.999970806107727
2908,mp-12112,Cd8P16,CdP2,1.0,0.7986771127709056,1.0,1.0,1.0,0.6471602564102565,1.0,0.999970806107727
3021,mp-12779,Cd2Te2,CdTe,1.0,0.9973797391207583,1.0,1.0,1.0,0.95,1.0,0.999970806107727
3028,mp-12855,Cu2Hg1Ge1Se4,Cu2HgGeSe4,1.0,0.9034940098514868,1.0,1.0,1.0,0.82475,1.0,0.999970806107727
3040,mp-12910,Ge2S2,GeS,1.0,0.9128882170692957,1.0,1.0,1.0,0.7078062463851938,1.0,0.999970806107727
3052,mp-12954,Cu2B2S4,CuBS2,1.0,0.5407107836255289,1.0,1.0,1.0,0.6326558704453441,1.0,0.6951502689813632
3065,mp-13031,Mg1Se1,MgSe,1.0,0.9722578816560844,1.0,0.625,1.0,0.8912435897435897,1.0,0.999970806107727
3066,mp-13032,Mg1S1,MgS,1.0,0.9872047588319788,1.0,0.625,1.0,0.8712435897435897,1.0,0.999970806107727
3067,mp-13033,Mg1Te1,MgTe,1.0,0.9873444439092376,1.0,0.625,1.0,0.9015000000000001,1.0,0.999970806107727
3082,mp-13099,Y1N1,YN,1.0,0.9291060259693407,1.0,0.625,1.0,0.8893582513977251,1.0,0.999970806107727
3089,mp-13151,B4N4,BN,1.0,0.9618769981191441,1.0,1.0,1.0,0.8513333333333334,1.0,0.5789441802102188
3091,mp-13181,La1F3,LaF3,0.0,0.3634592607129058,1.0,0.625,1.0,0.5890249180643917,1.0,0.999970806107727
3227,mp-13949,Cd1Ga2Te4,Cd(GaTe2)2,1.0,0.8256236713431577,1.0,1.0,1.0,0.6970000000000001,1.0,0.999970806107727
3239,mp-13982,Cd2Cu4Ge2S8,CdCu2GeS4,1.0,0.8504573669975014,1.0,1.0,1.0,0.7469102564102564,1.0,0.999970806107727
3274,mp-14091,Al2Ag2Se4,AlAgSe2,1.0,0.7784431918224732,1.0,1.0,1.0,0.6588333333333334,1.0,0.999970806107727
3275,mp-14092,Al2Ag2Te4,AlAgTe2,1.0,0.9332912087622056,1.0,1.0,1.0,0.8885,1.0,0.999970806107727
3562,mp-15252,Cu4Ge2S6,Cu2GeS3,1.0,0.9332236720883924,1.0,1.0,1.0,0.9447435897435897,1.0,0.999970806107727
3630,mp-15649,As8Ir4,As2Ir,1.0,0.824737979616046,1.0,1.0,1.0,0.578328947368421,1.0,0.8793587738392741
3639,mp-15704,Be2Si2N4,BeSiN2,1.0,0.8490557259358431,1.0,1.0,1.0,0.719279304029304,1.0,0.9824024916963037
3651,mp-15776,Zn1Ga2Se4,Zn(GaSe2)2,1.0,0.877592542506035,1.0,1.0,1.0,0.7480000000000001,1.0,0.999970806107727
3652,mp-15777,Zn1Ga2Te4,Zn(GaTe2)2,1.0,0.8857049057464245,1.0,1.0,1.0,0.7463333333333334,1.0,0.999970806107727
3676,mp-15895,Cu4Si2S6,Cu2SiS3,1.0,0.8395543223033659,1.0,1.0,1.0,0.7162435897435898,1.0,0.999970806107727
3677,mp-15896,Cu4Si2Se6,Cu2SiSe3,1.0,0.9466165996054169,1.0,1.0,1.0,0.96875,1.0,0.999970806107727
3684,mp-15954,As8Rh4,As2Rh,1.0,0.8692938436564384,1.0,1.0,1.0,0.5669729130518604,1.0,0.8793587738392741
3746,mp-16337,Ga2Hg1Te4,Ga2HgTe4,1.0,0.8154519290000874,1.0,1.0,1.0,0.637,1.0,0.999970806107727
3748,mp-16364,Sn1Te1,SnTe,1.0,0.9988293850113057,1.0,1.0,1.0,0.94,1.0,0.999970806107727
3775,mp-16565,Cd1Cu2Sn1Se4,CdCu2SnSe4,1.0,0.8782507514704617,1.0,1.0,1.0,0.7063333333333334,1.0,0.999970806107727
4419,mp-18337,Be24N16,Be3N2,0.0,0.2740010359107822,1.0,1.0,1.0,0.5820000000000001,1.0,0.999970806107727
4734,mp-19006,Mn2O2,MnO,1.0,0.5390844199039427,1.0,0.625,1.0,0.6658690476190476,1.0,0.9941395687694089
4735,mp-19009,Ni2O2,NiO,1.0,0.6435461500950267,1.0,0.625,1.0,0.7765440099116568,1.0,0.999970806107727
4842,mp-19184,V4O4,VO,0.0,0.49105404464863667,1.0,0.625,1.0,0.7033690476190476,1.0,0.999970806107727
5045,mp-19717,Te1Pb1,TePb,1.0,0.9837665047783105,1.0,0.625,1.0,0.85,1.0,0.999970806107727
5052,mp-19765,In2Hg1Te4,In2HgTe4,1.0,0.920088486688527,1.0,1.0,1.0,0.7374047619047619,1.0,0.999970806107727
5056,mp-19795,In4S4,InS,1.0,0.8131284009432902,1.0,1.0,1.0,0.6676558704453441,1.0,0.999970806107727
5062,mp-19833,In2Ag2S4,InAgS2,1.0,0.9059187867905958,1.0,1.0,1.0,0.8444935897435897,1.0,0.999970806107727
5076,mp-19921,Pb2O2,PbO,0.0,0.4577984448274645,1.0,1.0,1.0,0.5719122807017544,1.0,0.999970806107727
5096,mp-20025,Mn1Ga2S4,Mn(GaS2)2,1.0,0.6933761341444705,1.0,1.0,1.0,0.816826923076923,1.0,0.999970806107727
5124,mp-20187,Li2In2Se4,LiInSe2,1.0,0.7844200186789925,1.0,1.0,1.0,0.7380000000000001,1.0,0.999970806107727
5139,mp-20261,Mn1Ga2Se4,Mn(GaSe2)2,1.0,0.7668650927189131,1.0,1.0,1.0,0.7286666666666668,1.0,0.999970806107727
5147,mp-20305,In1As1,InAs,1.0,0.9979037487585376,1.0,1.0,1.0,0.9897435897435898,1.0,0.999970806107727
5148,mp-20310,Li4In4Se8,LiInSe2,1.0,0.754395652667611,1.0,1.0,1.0,0.7205000000000001,1.0,0.999970806107727
5155,mp-20351,In1P1,InP,1.0,0.9900279159622163,1.0,1.0,1.0,0.9713225371120109,1.0,0.999970806107727
5177,mp-20474,Mn2Cu4Ge2S8,MnCu2GeS4,1.0,0.839715827914631,1.0,1.0,1.0,0.6590725371120107,1.0,0.999970806107727
5178,mp-20485,In4Se4,InSe,1.0,0.8936864960360054,1.0,1.0,1.0,0.6970000000000001,1.0,0.999970806107727
5187,mp-20554,In2Ag2Se4,InAgSe2,1.0,0.9775480932814333,1.0,1.0,1.0,0.97,1.0,0.999970806107727
5206,mp-20731,In2Hg1Se4,In2HgSe4,1.0,0.73926926161076,1.0,1.0,1.0,0.6113170426065163,1.0,0.999970806107727
5214,mp-20782,Li2In2Te4,LiInTe2,1.0,0.928422692417144,1.0,1.0,1.0,0.9145833333333333,1.0,0.999970806107727
5225,mp-20832,Zn1In2Te4,Zn(InTe2)2,1.0,0.8631259370241212,1.0,1.0,1.0,0.7386666666666667,1.0,0.999970806107727
5275,mp-21276,Pb1S1,PbS,1.0,0.8932310802491787,1.0,0.625,1.0,0.8415789473684211,1.0,0.999970806107727
5287,mp-21374,Cd1In2Te4,Cd(InTe2)2,1.0,0.9450645211192276,1.0,1.0,1.0,0.7363333333333334,1.0,0.999970806107727
5291,mp-21405,In2Se2,InSe,1.0,0.9419420331388343,1.0,1.0,1.0,0.7749047619047619,1.0,0.999970806107727
5295,mp-21459,In4Ag4S8,InAgS2,1.0,0.8974472654492847,1.0,1.0,1.0,0.8351666666666666,1.0,0.999970806107727
5438,mp-22205,In2N2,InN,1.0,0.9487276946700041,1.0,0.625,1.0,0.9567392037786775,1.0,0.999970806107727
5459,mp-22304,Cd1In2Se4,Cd(InSe2)2,1.0,0.831005920993122,1.0,1.0,1.0,0.727,1.0,0.999970806107727
5478,mp-22408,Co4O4,CoO,1.0,0.7822301255516891,1.0,1.0,1.0,0.9182619047619047,1.0,0.999970806107727
5544,mp-22691,In2Se2,InSe,1.0,0.878034844125897,1.0,1.0,1.0,0.7586666666666667,1.0,0.999970806107727
5551,mp-22736,In2Cu2S4,InCuS2,1.0,0.8258721783092231,1.0,1.0,1.0,0.6964935897435898,1.0,0.999970806107727
5564,mp-22811,In2Cu2Se4,InCuSe2,1.0,0.8946368184384861,1.0,1.0,1.0,0.7980000000000002,1.0,0.999970806107727
5570,mp-22848,Cl4,Cl2,1.0,0.9923495954118675,1.0,1.0,1.0,0.968076923076923,1.0,0.999970806107727
5577,mp-22858,Tl2I2,TlI,1.0,0.776645076094462,1.0,1.0,1.0,0.7055000000000001,1.0,0.999970806107727
5578,mp-22859,Hg2I2,HgI,1.0,0.9519311334112392,1.0,1.0,1.0,0.87,1.0,0.999970806107727
5579,mp-22863,Cu2I2,CuI,1.0,0.7857433437403815,1.0,1.0,1.0,0.8283333333333333,1.0,0.999970806107727
5587,mp-22875,Tl1Br1,TlBr,1.0,0.941882885315476,1.0,0.625,1.0,0.9015789473684211,1.0,0.999970806107727
5598,mp-22894,Ag2I2,AgI,1.0,0.9940918777007676,1.0,1.0,1.0,0.96,1.0,0.999970806107727
5599,mp-22895,Cu1I1,CuI,1.0,0.9883320607993266,1.0,1.0,1.0,0.9640000000000001,1.0,0.999970806107727
5601,mp-22897,Hg2Cl2,HgCl,1.0,0.6748946377829241,1.0,1.0,1.0,0.662,1.0,0.999970806107727
5604,mp-22901,K1I1,KI,1.0,0.8310212784052041,1.0,0.625,1.0,0.7176666666666667,1.0,0.999970806107727
5605,mp-22903,Rb1I1,RbI,1.0,0.9288995110771879,1.0,0.625,1.0,0.76,1.0,0.999970806107727
5611,mp-22913,Cu1Br1,CuBr,1.0,0.9911712004517813,1.0,1.0,1.0,0.9637435897435896,1.0,0.999970806107727
5613,mp-22915,Ag1I1,AgI,1.0,0.9660874168397032,1.0,0.625,1.0,0.8933333333333333,1.0,0.999970806107727
5615,mp-22917,Cu2Br2,CuBr,1.0,0.8197189033806609,1.0,1.0,1.0,0.8682272990167726,1.0,0.999970806107727
5616,mp-22919,Ag1I1,AgI,1.0,0.9663082798906425,1.0,0.625,1.0,0.83,1.0,0.999970806107727
5617,mp-22922,Ag1Cl1,AgCl,1.0,0.8626299790387508,1.0,0.625,1.0,0.6893333333333334,1.0,0.999970806107727
5618,mp-22925,Ag1I1,AgI,1.0,0.9947247471627024,1.0,0.625,1.0,0.9115000000000001,1.0,0.999970806107727
5641,mp-22965,Bi1Te1I1,BiTeI,1.0,0.6556819420701785,1.0,1.0,1.0,0.6728333333333333,1.0,0.999970806107727
5766,mp-23153,I4,I,1.0,0.9976553161645992,1.0,1.0,1.0,0.89,1.0,0.999970806107727
5767,mp-23154,Br4,Br,1.0,0.9960475322230158,1.0,1.0,1.0,0.95,1.0,0.999970806107727
5768,mp-23155,Ar1,Ar,1.0,0.9955094369437067,1.0,1.0,1.0,0.98,1.0,0.999970806107727
5769,mp-23156,He2,He,1.0,0.9931947927328526,1.0,1.0,1.0,0.9697435897435898,1.0,0.999970806107727
5770,mp-23158,He1,He,1.0,0.995647950360238,1.0,1.0,1.0,1.0,1.0,0.999970806107727
5775,mp-23167,Tl1Cl1,TlCl,1.0,0.8349168321320908,1.0,0.625,1.0,0.8565789473684211,1.0,0.999970806107727
5781,mp-23177,Hg2Br2,HgBr,1.0,0.9013082469061005,1.0,1.0,1.0,0.8383333333333333,1.0,0.999970806107727
5788,mp-23192,Hg2I4,HgI2,1.0,0.9063131736367253,1.0,1.0,1.0,0.7803333333333333,1.0,0.999970806107727
5791,mp-23197,Tl1I1,TlI,1.0,0.9685812204409847,1.0,1.0,1.0,0.911578947368421,1.0,0.999970806107727
5793,mp-23202,In2I2,InI,1.0,0.9111732665981328,1.0,1.0,1.0,0.7580000000000001,1.0,0.999970806107727
5799,mp-23212,Cu8Br8,CuBr,1.0,0.9555948956548296,1.0,1.0,1.0,0.9315789473684211,1.0,0.999970806107727
5808,mp-23227,Cu2Br2,CuBr,1.0,0.9589675986213436,1.0,1.0,1.0,0.9380769230769229,1.0,0.999970806107727
5812,mp-23231,Ag1Br1,AgBr,1.0,0.9444259199507699,1.0,0.625,1.0,0.8,1.0,0.999970806107727
5829,mp-23270,Th6Bi8,Th3Bi4,0.0,0.1699646249427254,1.0,1.0,1.0,0.5830075187969925,1.0,0.973532838620266
5834,mp-23287,Cu8Cl8,CuCl,1.0,0.8929703135822349,1.0,1.0,1.0,0.6680725371120108,1.0,0.8793587738392741
5844,mp-23301,Bi1F3,BiF3,1.0,0.7221014208867473,1.0,1.0,1.0,0.6583582513977251,1.0,0.9824024916963037
5845,mp-23302,Rb1I1,RbI,1.0,0.9071882076479431,1.0,0.625,1.0,0.9,1.0,0.999970806107727
5847,mp-23304,Rb3Bi1,Rb3Bi,1.0,0.9473041765233687,1.0,0.625,1.0,0.89,1.0,0.999970806107727
5925,mp-23435,Bi4Te2I2,Bi2TeI,1.0,0.7246908720883907,1.0,1.0,1.0,0.6828333333333333,1.0,0.999970806107727
6059,mp-23703,Li1H1,LiH,1.0,0.8947758328260373,1.0,1.0,1.0,0.8054523809523809,1.0,0.9969572732609074
6287,mp-24093,Cu2H2,CuH,1.0,0.9647907694725,1.0,1.0,1.0,0.865608251397725,1.0,0.999970806107727
6469,mp-24504,H4,H2,1.0,0.969811588613258,1.0,1.0,1.0,0.73,1.0,0.999970806107727
6576,mp-24818,Li4Be4H12,LiBeH3,0.0,0.06399494713686689,1.0,1.0,1.0,0.52,1.0,0.999970806107727
6626,mp-27148,Be8P16,BeP2,1.0,0.9275350031215245,1.0,1.0,1.0,0.7868225371120109,1.0,0.8793587738392741
7066,mp-27916,Ag1Bi1Se2,AgBiSe2,1.0,0.7349582118173462,1.0,1.0,1.0,0.5356503759398497,1.0,0.8793587738392741
7080,mp-27947,Sn1Sb2Te4,Sn(SbTe2)2,1.0,0.8669240003253941,1.0,1.0,1.0,0.6530000000000001,1.0,0.8793587738392741
7386,mp-28487,Ge5Te8As2,Ge5(Te4As)2,1.0,0.9469725753548369,1.0,1.0,1.0,0.5930000000000001,1.0,0.8793587738392741
7467,mp-28633,Re1Te2Cl12,Re(TeCl6)2,1.0,0.6308528159363848,1.0,1.0,1.0,0.8230147058823529,1.0,0.999970806107727
7734,mp-29163,Ag4Te2S6,Ag2TeS3,1.0,0.668927094838976,1.0,1.0,1.0,0.6014956140350878,1.0,0.999970806107727
8001,mp-29643,Cu1As1Se2,CuAsSe2,1.0,0.9679676715316464,1.0,1.0,1.0,0.9613225371120109,1.0,0.999970806107727
8007,mp-29666,Bi2Te2Se1,Bi2Te2Se,1.0,0.7646740339283016,1.0,1.0,1.0,0.6605714285714285,1.0,0.999970806107727
8121,mp-29929,Na1Li5N2,NaLi5N2,1.0,0.7105852847931831,1.0,0.625,1.0,0.6174935897435898,1.0,0.9991984250512446
8225,mp-30148,B2C4N2,BC2N,1.0,0.988090452984069,1.0,1.0,1.0,0.7813333333333334,1.0,0.9946298123681788
8304,mp-30373,Rb1Au1,RbAu,1.0,0.908924369650109,1.0,0.625,1.0,0.82,1.0,0.999970806107727
8333,mp-30908,Ag6P2Se8,Ag3PSe4,1.0,0.5946839049982886,1.0,1.0,1.0,0.5774166666666667,1.0,0.999970806107727
8556,mp-34202,Bi2Te3,Bi2Te3,1.0,0.8376355488483624,1.0,1.0,1.0,0.633,1.0,0.8793587738392741
8559,mp-34903,Mg2Ge2P4,MgGeP2,1.0,0.9039187203318296,1.0,1.0,1.0,0.8984935897435897,1.0,0.999970806107727
8949,mp-510657,V1Cu3O4,VCu3O4,0.0,0.33746650136314466,1.0,1.0,1.0,0.5627619047619049,1.0,0.9916613330247022
9643,mp-545820,Sn4O4,SnO,1.0,0.5846982831182049,1.0,1.0,1.0,0.6342435897435899,1.0,0.999970806107727
9722,mp-549706,Mg2O2,MgO,1.0,0.7254259125268566,1.0,0.625,1.0,0.571202380952381,1.0,0.8605976527618812
9959,mp-554105,Cd2Ag4Ge2S8,CdAg2GeS4,1.0,0.7742360864608285,1.0,1.0,1.0,0.6757500000000001,1.0,0.999970806107727
9973,mp-554134,Sn2S2,SnS,1.0,0.9997932938479002,1.0,1.0,1.0,0.9813225371120109,1.0,0.999970806107727
10716,mp-555760,S9,S,1.0,0.985026491945401,1.0,1.0,1.0,0.96,1.0,0.999970806107727
11309,mp-556916,Ga2Ag2S4,GaAgS2,1.0,0.7148966949525655,1.0,1.0,1.0,0.7984935897435897,1.0,0.999970806107727
11547,mp-557466,Bi4F12,BiF3,0.0,0.276595845307537,1.0,1.0,1.0,0.5540844418739156,1.0,0.8691802453936546
13721,mp-567313,Te3,Te,1.0,0.9977602063911737,1.0,1.0,1.0,0.95,1.0,0.999970806107727
13729,mp-567365,Kr2,Kr,1.0,0.9964772552523867,1.0,1.0,1.0,0.93,1.0,0.999970806107727
13817,mp-567809,Ag2I2,AgI,1.0,0.8876739451587425,1.0,1.0,1.0,0.6763333333333335,1.0,0.999970806107727
13823,mp-567841,Be24P16,Be3P2,1.0,0.6810527894675035,1.0,1.0,1.0,0.6179058704453442,1.0,0.703994513812222
13860,mp-568032,Cd1In2Se4,Cd(InSe2)2,1.0,0.8699676895557575,1.0,1.0,1.0,0.7363333333333334,1.0,0.999970806107727
13878,mp-568145,Ar2,Ar,1.0,0.9960827048884948,1.0,1.0,1.0,0.97,1.0,0.999970806107727
13893,mp-568263,Ga8Se8,GaSe,1.0,0.8332092384705245,1.0,1.0,1.0,0.7883333333333333,1.0,0.999970806107727
13939,mp-568516,K3Bi1,K3Bi,1.0,0.8864607633349734,1.0,0.625,1.0,0.8083333333333332,1.0,0.999970806107727
13953,mp-568560,Tl1Br1,TlBr,1.0,0.9370285111462474,1.0,0.625,1.0,0.7815789473684212,1.0,0.999970806107727
13972,mp-568661,Cd1In2Se4,Cd(InSe2)2,1.0,0.8295893403617831,1.0,1.0,1.0,0.7203333333333333,1.0,0.999970806107727
13980,mp-568730,Ge4Te7As2,Ge4Te7As2,1.0,0.917968878650373,1.0,1.0,1.0,0.5640714285714286,1.0,0.8793587738392741
13995,mp-568803,Mg2B24C4,Mg(B6C)2,0.0,0.3327928952363084,1.0,1.0,1.0,0.54,1.0,0.999970806107727
14021,mp-568927,Ag2I2,AgI,1.0,0.9369031039002316,1.0,0.625,1.0,0.8292456140350878,1.0,0.999970806107727
14092,mp-569346,Cu2I2,CuI,1.0,0.9861261207394026,1.0,1.0,1.0,0.9640000000000001,1.0,0.999970806107727
14095,mp-569360,Hg3,Hg,1.0,0.9877620044286184,1.0,1.0,1.0,0.86,1.0,0.999970806107727
14127,mp-569571,Nb6Sb4Te10,Nb3Sb2Te5,1.0,0.5888880268399115,1.0,1.0,1.0,0.5139956140350876,1.0,0.703994513812222
14132,mp-569600,Ge3As4,Ge3As4,1.0,0.9897397412768885,1.0,1.0,1.0,0.9797435897435898,1.0,0.999970806107727
14142,mp-569639,Tl1Cl1,TlCl,1.0,0.8438856013248202,1.0,0.625,1.0,0.76,1.0,0.999970806107727
14168,mp-569813,In5Ag1Te8,In5AgTe8,1.0,0.8745767561786397,1.0,1.0,1.0,0.677,1.0,0.999970806107727
14239,mp-570136,Cu6I6,CuI,1.0,0.7521643371884985,1.0,1.0,1.0,0.7983333333333333,1.0,0.999970806107727
14258,mp-570218,Li12Be12H36,LiBeH3,0.0,0.0429620799869412,1.0,1.0,1.0,0.51,1.0,0.999970806107727
14270,mp-570256,Ag2Hg1I4,Ag2HgI4,1.0,0.838647151454368,1.0,1.0,1.0,0.6863333333333334,1.0,0.999970806107727
14290,mp-570354,Cu1Br1,CuBr,1.0,0.9370678936106913,1.0,0.625,1.0,0.8275,1.0,0.999970806107727
14294,mp-570377,Sn3As4,Sn3As4,1.0,0.9774408325598395,1.0,1.0,1.0,0.816,1.0,0.999970806107727
14320,mp-570510,Xe2,Xe,1.0,0.9981289695958087,1.0,1.0,1.0,0.89,1.0,0.999970806107727
14375,mp-570744,Si3As4,Si3As4,1.0,0.966381357345783,1.0,1.0,1.0,0.8356558704453443,1.0,0.999970806107727
14403,mp-570875,Ga4Os2,Ga2Os,1.0,0.8932504065895139,1.0,1.0,1.0,0.7760725371120109,1.0,0.9936288342064831
14417,mp-570935,Li2I2,LiI,1.0,0.9243475519127351,1.0,0.625,1.0,0.9215000000000001,1.0,0.999970806107727
14439,mp-571079,Tl2Cl2,TlCl,0.0,0.48627361394530133,1.0,1.0,1.0,0.5702456140350877,1.0,0.999970806107727
14447,mp-571102,Tl1I1,TlI,1.0,0.9771552990721254,1.0,0.625,1.0,0.82,1.0,0.999970806107727
14487,mp-571281,Ge6N8,Ge3N4,1.0,0.6594593888892571,1.0,1.0,1.0,0.6090249180643917,1.0,0.703994513812222
14504,mp-571386,Cu1Cl1,CuCl,1.0,0.8655159044123875,1.0,0.625,1.0,0.586,1.0,0.999970806107727
14520,mp-571436,Sn1I4,SnI4,1.0,0.9619705870187772,1.0,1.0,1.0,0.83,1.0,0.999970806107727
14538,mp-571501,Pr26Zn116,Pr13Zn58,0.0,0.40781135171045824,1.0,1.0,1.0,0.74,1.0,0.999970806107727
14776,mp-580941,Ag4I4,AgI,1.0,0.9280128887790512,1.0,1.0,1.0,0.7174047619047619,1.0,0.999970806107727
14779,mp-581024,Cs1K2Sb1,CsK2Sb,1.0,0.8619998070459236,1.0,0.625,1.0,0.7776666666666666,1.0,0.999970806107727
15123,mp-611219,Hg1,Hg,1.0,0.9997663995201866,1.0,1.0,1.0,0.87,1.0,0.999970806107727
15125,mp-611517,Xe1,Xe,1.0,0.9990266582629287,1.0,1.0,1.0,0.9,1.0,0.999970806107727
15127,mp-612118,Kr1,Kr,1.0,0.9985298110640926,1.0,1.0,1.0,0.94,1.0,0.999970806107727
15140,mp-614456,He1,He,1.0,0.9968412451297045,1.0,1.0,1.0,0.99,1.0,0.999970806107727
15375,mp-629458,B1C2N1,BC2N,1.0,0.9941022871998356,1.0,1.0,1.0,0.97,1.0,0.999970806107727
15379,mp-630227,C60,C,1.0,0.7455732126952676,1.0,1.0,1.0,0.81,1.0,0.999970806107727
15388,mp-630773,Cd2In2Ga2S8,CdInGaS4,1.0,0.9999999091734031,1.0,1.0,1.0,0.86,1.0,0.999970806107727
15401,mp-632291,H2,H2,1.0,0.9496995738382221,1.0,1.0,1.0,0.72,1.0,0.9210171854568403
15438,mp-634751,Yb1H2,YbH2,1.0,0.5333603108542208,1.0,0.625,1.0,0.5794415847310583,1.0,0.9958225874327906
15443,mp-635413,Cs3Bi1,Cs3Bi,1.0,0.9660121004379941,1.0,0.625,1.0,0.91,1.0,0.999970806107727
15515,mp-640075,Fe8Si8Ge8,FeSiGe,1.0,0.8152951160920744,1.0,1.0,1.0,0.6329058704453441,1.0,0.703994513812222
15516,mp-640080,Fe8Si8Ge8,FeSiGe,1.0,0.8281706551790089,1.0,1.0,1.0,0.6704058704453442,1.0,0.9824024916963037
15576,mp-642462,B6C20N6,B3C10N3,1.0,0.7879966616507349,1.0,1.0,1.0,0.682,1.0,0.999970806107727
16103,mp-655591,Li2B26C4,LiB13C2,0.0,0.05071068672825101,1.0,1.0,1.0,0.53,1.0,0.999970806107727
16142,mp-667273,C60,C,1.0,0.9624282074179944,1.0,1.0,1.0,0.85,1.0,0.999970806107727
16257,mp-672234,N4,N2,1.0,0.9890506397466485,1.0,1.0,1.0,0.9897435897435898,1.0,0.999970806107727
16280,mp-675577,Mn1In2Te4,Mn(InTe2)2,1.0,0.8052883302522851,1.0,1.0,1.0,0.6972380952380953,1.0,0.999970806107727
16394,mp-680372,C60,C,1.0,0.7061994500909599,1.0,1.0,1.0,0.83,1.0,0.999970806107727
16471,mp-683919,C140,C,1.0,0.6910059380576414,1.0,1.0,1.0,0.79,1.0,0.999970806107727
16675,mp-696746,B12C3,B4C,1.0,0.8094227631965667,1.0,1.0,1.0,0.602,1.0,0.999970806107727
17587,mp-721851,B24H24O48,BHO2,0.0,0.018218758208457402,1.0,1.0,1.0,0.56,1.0,0.999970806107727
18002,mp-753304,Hg1,Hg,1.0,0.9979089041788441,1.0,1.0,1.0,0.87,1.0,0.999970806107727
18241,mp-768203,Be6H12,BeH2,0.0,0.4954486049768592,1.0,1.0,1.0,0.69,1.0,0.999970806107727
18445,mp-866375,Ti1Fe2Ge1,TiFe2Ge,1.0,0.9834545460333928,1.0,1.0,1.0,0.9213225371120108,1.0,0.999970806107727
18549,mp-966800,In2P2,InP,1.0,0.9905887845514951,1.0,1.0,1.0,0.9697435897435898,1.0,0.999970806107727
18552,mp-971712,Zn1Cd1S2,ZnCdS2,1.0,0.9241485002791532,1.0,1.0,1.0,0.9078269230769231,1.0,0.999970806107727
18554,mp-971837,Zn2Cd2Te4,ZnCdTe2,1.0,0.9627138384472219,1.0,1.0,1.0,0.8603333333333333,1.0,0.999970806107727
18624,mp-977298,Li4Be4H12,LiBeH3,0.0,0.09840766820341114,1.0,1.0,1.0,0.51,1.0,0.999970806107727
18626,mp-977414,Zn2Cu4Si2S8,ZnCu2SiS4,1.0,0.838411087760461,1.0,1.0,1.0,0.6920769230769231,1.0,0.999970806107727
18653,mp-981379,Zn3Cd1S4,Zn3CdS4,1.0,0.9352408892248708,1.0,1.0,1.0,0.8805769230769229,1.0,0.999970806107727
18660,mp-983565,Cu2B2Se4,CuBSe2,1.0,0.6224108266982795,1.0,1.0,1.0,0.5868225371120108,1.0,0.703994513812222
18688,mp-997618,B1Sb1,BSb,1.0,0.9848102164320709,1.0,1.0,1.0,0.9150725371120109,1.0,0.999970806107727
18689,mp-998980,Ti1Al1Fe1Co1,TiAlFeCo,1.0,0.9685236578600854,1.0,1.0,1.0,0.9206082513977251,1.0,0.999970806107727
18717,mp-999495,Na3N1,Na3N,1.0,0.8539315009152776,1.0,0.625,1.0,0.624,1.0,0.9226252175845164
18728,mp-1001831,Li2B2,LiB,1.0,0.8959669409395079,1.0,0.625,1.0,0.8679459706959708,1.0,0.9969572732609074
18729,mp-1002124,Hf1C1,HfC,1.0,0.9163056842970607,1.0,0.625,1.0,0.9156082513977251,1.0,0.999970806107727
18730,mp-1002164,Ge1C1,GeC,1.0,0.9784145064128477,1.0,0.625,1.0,0.965608251397725,1.0,0.999970806107727
18739,mp-1006880,Bi1B1,BiB,1.0,0.9715370511867054,1.0,1.0,1.0,0.9203289473684211,1.0,0.999970806107727
18747,mp-1007776,Tl1P1,TlP,1.0,0.9793463558778648,1.0,1.0,1.0,0.9515789473684211,1.0,0.999970806107727
18748,mp-1007823,Ga1B1N2,GaBN2,1.0,0.6259610077404852,1.0,1.0,1.0,0.6887392037786775,1.0,0.8691802453936546
18752,mp-1008223,Ca1Se1,CaSe,1.0,0.9743063879911676,1.0,0.625,1.0,0.9415,1.0,0.999970806107727
18753,mp-1008394,Cl4,Cl2,1.0,0.9907407746702733,1.0,1.0,1.0,0.968076923076923,1.0,0.999970806107727
18756,mp-1008523,B1C2N1,BC2N,1.0,0.9951183726947851,1.0,1.0,1.0,0.97,1.0,0.999970806107727
18758,mp-1008528,B2As1P1,B2AsP,1.0,0.9416764677740842,1.0,1.0,1.0,0.9161915847310584,1.0,0.999970806107727
18759,mp-1008556,Al1Ga1N2,AlGaN2,1.0,0.8847638241120583,1.0,0.625,1.0,0.8563701561596297,1.0,0.999970806107727
18760,mp-1008557,Al1B1N2,AlBN2,1.0,0.766151505314922,1.0,1.0,1.0,0.8103333333333333,1.0,0.8691802453936546
18761,mp-1008559,B2P2,BP,1.0,0.975708533592048,1.0,0.625,1.0,0.9556082513977251,1.0,0.999970806107727
18767,mp-1008786,Mg1Te1,MgTe,1.0,0.9125073840661039,1.0,0.625,1.0,0.82,1.0,0.999970806107727
18770,mp-1009009,Li1F1,LiF,1.0,0.5978116426719938,1.0,0.625,1.0,0.5195357142857143,1.0,0.9991984250512446
18772,mp-1009085,Be2Si2P4,BeSiP2,1.0,0.92063165146925,1.0,1.0,1.0,0.7803225371120109,1.0,0.999970806107727
18773,mp-1009087,Be2Si2As4,BeSiAs2,1.0,0.936079829017052,1.0,1.0,1.0,0.8884935897435898,1.0,0.999970806107727
18775,mp-1009129,Mg1O1,MgO,1.0,0.6190419615251246,1.0,0.625,1.0,0.5678690476190478,1.0,0.9991984250512446
18776,mp-1009220,Na1H1,NaH,1.0,0.901742866714664,1.0,0.625,1.0,0.6310357142857143,1.0,0.9226252175845164
18778,mp-1009540,Os1C1,OsC,1.0,0.9384508953103671,1.0,1.0,1.0,0.9613225371120109,1.0,0.999970806107727
18781,mp-1009639,Pr1N1,PrN,1.0,0.9244160088172586,1.0,0.625,1.0,0.8900725371120108,1.0,0.999970806107727
18785,mp-1009746,Sc1P1,ScP,1.0,0.9827115150276873,1.0,0.625,1.0,0.9313225371120109,1.0,0.999970806107727
18786,mp-1009750,Sc1N1,ScN,1.0,0.8928011257275726,1.0,0.625,1.0,0.7323690476190475,1.0,0.999970806107727
18789,mp-1009792,Ru1C1,RuC,1.0,0.9556737430933646,1.0,0.625,1.0,0.9473729572800781,1.0,0.999970806107727
18790,mp-1009813,Si1Sn1,SiSn,1.0,0.9962232356653807,1.0,1.0,1.0,0.9713225371120109,1.0,0.999970806107727
18793,mp-1009820,Sn1C1,SnC,1.0,0.9771133468133674,1.0,1.0,1.0,0.9313225371120109,1.0,0.999970806107727
18795,mp-1009894,Zr1C1,ZrC,1.0,0.967142416569292,1.0,0.625,1.0,0.870608251397725,1.0,0.999970806107727
18797,mp-1012435,Pb2S2,PbS,1.0,0.7077264641363619,1.0,1.0,1.0,0.538328947368421,1.0,0.8793587738392741
18799,mp-1016197,Mg2Si2As4,MgSiAs2,1.0,0.9114955987706046,1.0,1.0,1.0,0.758576923076923,1.0,0.999970806107727
18800,mp-1016200,Mg2Ge2As4,MgGeAs2,1.0,0.9480914176381837,1.0,1.0,1.0,0.8665769230769231,1.0,0.999970806107727
18807,mp-1017534,Zn1Cd1Se2,ZnCdSe2,1.0,0.9486237134218838,1.0,1.0,1.0,0.9376666666666666,1.0,0.999970806107727
18823,mp-1018040,Mg2Se2,MgSe,1.0,0.9724300965253408,1.0,0.625,1.0,0.9012435897435896,1.0,0.999970806107727
18825,mp-1018089,Ca1Zn1Se2,CaZnSe2,1.0,0.8501572152941722,1.0,1.0,1.0,0.8180000000000001,1.0,0.999970806107727
18835,mp-1018100,Al2Sb2,AlSb,1.0,0.993415871416691,1.0,1.0,1.0,0.9897435897435898,1.0,0.999970806107727
18838,mp-1018132,Al1Bi1,AlBi,1.0,0.9838643349446683,1.0,1.0,1.0,0.9415789473684211,1.0,0.999970806107727
18855,mp-1018722,Hg3Se3,HgSe,1.0,0.7346582137273653,1.0,1.0,1.0,0.5985789473684211,1.0,0.999970806107727
18868,mp-1019086,C2N4,CN2,1.0,0.6201281359517427,1.0,1.0,1.0,0.71,1.0,0.999970806107727
18876,mp-1019378,Al3Ga1N4,Al3GaN4,1.0,0.883761968853156,1.0,1.0,1.0,0.8715249180643917,1.0,0.8966445410211122
18877,mp-1019379,Al1B3N4,AlB3N4,1.0,0.8291680042302448,1.0,1.0,1.0,0.8103333333333333,1.0,0.8691802453936546
18878,mp-1019380,Al3B1N4,Al3BN4,1.0,0.8694066694592475,1.0,1.0,1.0,0.824279304029304,1.0,0.9936288342064831
18880,mp-1019508,Al1Ga3N4,AlGa3N4,1.0,0.8789207914261797,1.0,1.0,1.0,0.9445158144229352,1.0,0.999970806107727
18914,mp-1019550,Be4Ge4N8,BeGeN2,1.0,0.6459706662243311,1.0,1.0,1.0,0.5832511085405823,1.0,0.703994513812222
18978,mp-1019740,Ga1B3N4,GaB3N4,1.0,0.7894616946447094,1.0,1.0,1.0,0.792,1.0,0.8691802453936546
18979,mp-1019743,Ga3B1N4,Ga3BN4,1.0,0.7559900875177952,1.0,1.0,1.0,0.7125844418739158,1.0,0.9936288342064831
19147,mp-1025315,Mn1Al2Te4,Mn(AlTe2)2,1.0,0.8395661563309218,1.0,1.0,1.0,0.7170000000000001,1.0,0.999970806107727
19148,mp-1025377,Cd1Ag2I4,Cd(AgI2)2,1.0,0.8921697432503287,1.0,1.0,1.0,0.6980000000000001,1.0,0.999970806107727
19151,mp-1025397,Ge4Ru4,GeRu,1.0,0.9749104615402766,1.0,1.0,1.0,0.9513225371120109,1.0,0.999970806107727
19153,mp-1025467,Cu2Sn1Hg1S4,Cu2SnHgS4,1.0,0.7438167816462936,1.0,1.0,1.0,0.6867500000000001,1.0,0.999970806107727
19156,mp-1056418,Sr1,Sr,1.0,0.9999999817186168,1.0,1.0,1.0,0.79,1.0,0.999970806107727
19157,mp-1056920,Cs1I1,CsI,1.0,0.9393484984988736,1.0,0.625,1.0,0.8815000000000001,1.0,0.999970806107727
19158,mp-1057015,Pb1S1,PbS,1.0,0.8673407534643927,1.0,0.625,1.0,0.7314479949874686,1.0,0.999970806107727
19165,mp-1063670,Pb2Se2,PbSe,1.0,0.8773009870562362,1.0,1.0,1.0,0.6006503759398497,1.0,0.8793587738392741
19171,mp-1064979,Na2I2,NaI,1.0,0.9233277958116605,1.0,0.625,1.0,0.8615789473684211,1.0,0.999970806107727
19177,mp-1066781,Br2Cl2,BrCl,1.0,0.9105047208550964,1.0,1.0,1.0,0.8482272990167726,1.0,0.999970806107727
19179,mp-1066989,H2,H2,1.0,0.9458250053094761,1.0,1.0,1.0,0.85,1.0,0.9753656751968354
19181,mp-1067619,Ge4,Ge,1.0,0.9986678031558137,1.0,1.0,1.0,0.97,1.0,0.999970806107727
19216,mp-1071269,Hg3Te3,HgTe,1.0,0.942116620240984,1.0,1.0,1.0,0.8692456140350877,1.0,0.999970806107727
19217,mp-1071288,Rb4S2,Rb2S,1.0,0.5375257166135234,1.0,0.625,1.0,0.5411666666666668,1.0,0.9630988868125224
19228,mp-1072429,Ga4Ru2,Ga2Ru,1.0,0.947752687840821,1.0,1.0,1.0,0.8706558704453442,1.0,0.999970806107727
19238,mp-1077316,C2O4,CO2,0.0,0.4095434715716114,1.0,1.0,1.0,0.622,1.0,0.999970806107727
19242,mp-1077506,B3N3,BN,1.0,0.8271472335061172,1.0,1.0,1.0,0.6653333333333333,1.0,0.703994513812222
19244,mp-1077595,C2N4,CN2,1.0,0.8064999569244056,1.0,1.0,1.0,0.612,1.0,0.999970806107727
19253,mp-1078002,Mn1Ga2Se4,Mn(GaSe2)2,1.0,0.8705962041089947,1.0,1.0,1.0,0.7363333333333334,1.0,0.999970806107727
19254,mp-1078049,Zn1Ga2S4,Zn(GaS2)2,1.0,0.8308336855191617,1.0,1.0,1.0,0.762576923076923,1.0,0.999970806107727
19274,mp-1078292,Cd1Cu2Sn1S4,CdCu2SnS4,1.0,0.8326539847294582,1.0,1.0,1.0,0.7867500000000001,1.0,0.999970806107727
19304,mp-1078498,Zn1Cu2Si1Te4,ZnCu2SiTe4,1.0,0.9452240008461888,1.0,1.0,1.0,0.8580000000000001,1.0,0.999970806107727
19316,mp-1078597,Zn1Cd3Se4,ZnCd3Se4,1.0,0.9753693130767958,1.0,1.0,1.0,0.97,1.0,0.999970806107727
19334,mp-1078680,Mg2Si2Sb4,MgSiSb2,1.0,0.9294154777689395,1.0,1.0,1.0,0.8568333333333333,1.0,0.999970806107727
19347,mp-1078780,Zn1Cd3S4,ZnCd3S4,1.0,0.9500550432015512,1.0,1.0,1.0,0.9697435897435898,1.0,0.999970806107727
19349,mp-1078801,Cs4I4,CsI,1.0,0.8958068030507818,1.0,0.625,1.0,0.696,1.0,0.999970806107727
19352,mp-1078836,K2I2,KI,0.0,0.42984795593472,1.0,0.625,1.0,0.5328333333333334,1.0,0.9630988868125224
19361,mp-1078918,Zn1Cu2Sn1Se4,ZnCu2SnSe4,1.0,0.9420199342671632,1.0,1.0,1.0,0.8980000000000001,1.0,0.999970806107727
19376,mp-1079034,Zn3Cd1Se4,Zn3CdSe4,1.0,0.9591164120516417,1.0,1.0,1.0,0.9083333333333333,1.0,0.999970806107727
19389,mp-1079172,Pb4Se4,PbSe,1.0,0.8837268533593272,1.0,1.0,1.0,0.7320789473684212,1.0,0.8793587738392741
19392,mp-1079201,B2C4N2,BC2N,1.0,0.989727267641852,1.0,1.0,1.0,0.9193333333333333,1.0,0.999970806107727
19394,mp-1079228,Ga4Bi1As3,Ga4BiAs3,1.0,0.96562680614877,1.0,1.0,1.0,0.8169837092731831,1.0,0.999970806107727
19397,mp-1079260,In4Se4,InSe,1.0,0.8482282488911153,1.0,1.0,1.0,0.7286666666666668,1.0,0.999970806107727
19421,mp-1079574,Te4Pb4,TePb,1.0,0.9139888897707957,1.0,1.0,1.0,0.6706503759398497,1.0,0.8793587738392741
19426,mp-1079612,H4C4,HC,1.0,0.7283619630231155,1.0,1.0,1.0,0.6195,1.0,0.999970806107727
19446,mp-1079714,Si2Hg2P4,SiHgP2,1.0,0.7703264823569892,1.0,1.0,1.0,0.6302435897435897,1.0,0.999970806107727
19457,mp-1079836,Ga1Si3C3N1,GaSi3C3N,1.0,0.739118135781191,1.0,1.0,1.0,0.7283582513977251,1.0,0.8966445410211122
19465,mp-1079889,Zn1Ag2Sn1S4,ZnAg2SnS4,1.0,0.8248044294043618,1.0,1.0,1.0,0.6980725371120107,1.0,0.999970806107727
19485,mp-1080131,Cu2Si1Hg1Te4,Cu2SiHgTe4,1.0,0.7774282547104608,1.0,1.0,1.0,0.611078947368421,1.0,0.999970806107727
19493,mp-1080459,Ge4Te4,GeTe,1.0,0.9494249653963877,1.0,1.0,1.0,0.8169837092731831,1.0,0.999970806107727
19507,mp-1080659,Os4C4,OsC,1.0,0.6962745673739292,1.0,1.0,1.0,0.7830054945054945,1.0,0.9936288342064831
19526,mp-1084771,Be6P4,Be3P2,1.0,0.7899329071828475,1.0,1.0,1.0,0.5714058704453442,1.0,0.6951502689813632
19529,mp-1084796,Ca1Zn3Se4,CaZn3Se4,1.0,0.8766373890782234,1.0,1.0,1.0,0.7463333333333334,1.0,0.999970806107727
19540,mp-1087540,Cd1Cu2Si1Te4,CdCu2SiTe4,1.0,0.9053351195932723,1.0,1.0,1.0,0.7463333333333334,1.0,0.999970806107727
19548,mp-1092268,Ga2Si2C2N2,GaSiCN,1.0,0.6151672160829383,1.0,0.625,1.0,0.6290249180643918,1.0,0.9958225874327906
19549,mp-1093989,Na1,Na,1.0,0.9999999162011798,1.0,1.0,1.0,0.93,1.0,0.999970806107727
19579,mp-1095291,Li4Sn2Se6,Li2SnSe3,1.0,0.5414106067206345,1.0,1.0,1.0,0.6274166666666667,1.0,0.999970806107727
19605,mp-1095493,Cd4Se8,CdSe2,1.0,0.797590061350703,1.0,1.0,1.0,0.5406503759398497,1.0,0.8793587738392741
19612,mp-1095543,Li2B2H8,LiBH4,0.0,0.04112776203257275,1.0,1.0,1.0,0.55,1.0,0.999970806107727
19648,mp-1101894,Fe4As4Se4,FeAsSe,1.0,0.5129540927795415,1.0,1.0,1.0,0.5387392037786775,1.0,0.703994513812222
19675,mp-1102232,H4C4N4,HCN,0.0,0.1421309829705547,1.0,1.0,1.0,0.57,1.0,0.999970806107727
19686,mp-1102430,Sb4Te4Ir4,SbTeIr,0.0,0.49774798770480305,1.0,1.0,1.0,0.5089956140350876,1.0,0.8691802453936546
19693,mp-1102515,Zn4Se8,ZnSe2,1.0,0.8256226516490658,1.0,1.0,1.0,0.5856503759398497,1.0,0.8793587738392741
19738,mp-1103290,Mg1B2H8,Mg(BH4)2,0.0,0.0361214513486709,1.0,1.0,1.0,0.57,1.0,0.999970806107727
19748,mp-1103408,H2C4N6,HC2N3,0.0,0.24585143326609848,1.0,1.0,1.0,0.565,1.0,0.999970806107727
19749,mp-1103410,Bi6Te4S2,Bi3Te2S,1.0,0.9999999999999201,1.0,1.0,1.0,0.86,1.0,0.999970806107727
19877,mp-1104843,Zn2Cu4Si2Se8,ZnCu2SiSe4,1.0,0.9198886111794221,1.0,1.0,1.0,0.915,1.0,0.999970806107727
19904,mp-1105189,Cu4Ag2P2S8,Cu2AgPS4,1.0,0.5480235004868679,1.0,1.0,1.0,0.5833225371120108,1.0,0.999970806107727
19948,mp-1105527,Zn2Cu4Ge2S8,ZnCu2GeS4,1.0,0.8968093098971144,1.0,1.0,1.0,0.8048225371120108,1.0,0.999970806107727
20062,mp-1106310,Cu4Si2Hg2S8,Cu2SiHgS4,0.0,0.46539093698132006,1.0,1.0,1.0,0.5749892037786775,1.0,0.999970806107727
20165,mp-1180675,Li6B2H12,Li3BH6,0.0,0.06397904563314431,1.0,1.0,1.0,0.53,1.0,0.999970806107727
20317,mp-1188347,C12N8,C3N2,1.0,0.850166116087195,1.0,1.0,1.0,0.5820000000000001,1.0,0.999970806107727
20361,mp-1188827,Mg2Cu4Si2Se8,MgCu2SiSe4,1.0,0.7808201024944339,1.0,1.0,1.0,0.8375,1.0,0.999970806107727
20384,mp-1189056,Mg2Cu4Ge2S8,MgCu2GeS4,1.0,0.8470742763244153,1.0,1.0,1.0,0.7187435897435899,1.0,0.999970806107727
20430,mp-1189451,Be4C4N8,BeCN2,1.0,0.6066534490140045,1.0,1.0,1.0,0.5820000000000001,1.0,0.999970806107727
20453,mp-1189702,Zn2Cu4Si2S8,ZnCu2SiS4,1.0,0.8186033377330115,1.0,1.0,1.0,0.7170769230769232,1.0,0.999970806107727
20475,mp-1189914,Zn2Si2Ag4S8,ZnSi(AgS2)2,1.0,0.5797345311662143,1.0,1.0,1.0,0.7784935897435897,1.0,0.999970806107727
20529,mp-1190284,Bi8Se9,Bi8Se9,1.0,1.0,1.0,1.0,1.0,0.85,1.0,0.999970806107727
20535,mp-1190320,Al12Ge10,Al6Ge5,1.0,0.8882696647497408,1.0,1.0,1.0,0.7179653942548679,1.0,0.999970806107727
20914,mp-1192265,Mg2B4H16,Mg(BH4)2,0.0,0.08027254019693353,1.0,1.0,1.0,0.58,1.0,0.999970806107727
21034,mp-1192737,Li8Mn2Sn4Se14,Li4MnSn2Se7,1.0,0.5690412720965746,1.0,1.0,1.0,0.6545000000000001,1.0,0.999970806107727
21796,mp-1195649,Mn4B8H32,Mn(BH4)2,0.0,0.02208752864755389,1.0,1.0,1.0,0.51,1.0,0.999970806107727
21927,mp-1196003,Zn24As16,Zn3As2,1.0,0.8970016883344983,1.0,1.0,1.0,0.6654122807017544,1.0,0.999970806107727
22077,mp-1196461,C156F84,C13F7,0.0,0.034970952689306514,1.0,1.0,1.0,0.62,1.0,0.999970806107727
22113,mp-1196569,Mg17Si20O60,Mg17(SiO3)20,1.0,0.5011025976361226,1.0,1.0,1.0,0.6034177752072489,1.0,0.9936288342064831
22122,mp-1196583,C240,C,1.0,0.8459361870155814,1.0,1.0,1.0,0.82,1.0,0.999970806107727
22176,mp-1196763,Mg4B8H32,Mg(BH4)2,0.0,0.06268620688794259,1.0,1.0,1.0,0.66,1.0,0.999970806107727
22297,mp-1197170,Zn24P16,Zn3P2,1.0,0.7092492519366244,1.0,1.0,1.0,0.5587392037786774,1.0,0.703994513812222
22305,mp-1197203,Cd4Ag8Ge4S16,CdAg2GeS4,1.0,0.6238511789910556,1.0,1.0,1.0,0.6795,1.0,0.999970806107727
22474,mp-1197798,H32,H2,0.0,0.31949382252597125,1.0,1.0,1.0,0.56,1.0,0.999970806107727
22543,mp-1198022,Ge34,Ge,1.0,0.999363425202798,1.0,1.0,1.0,0.9,1.0,0.999970806107727
23082,mp-1199937,K81,K,1.0,0.9774458046336142,1.0,1.0,1.0,0.7603333333333333,1.0,0.999970806107727
23672,mp-1202088,Mg4B8H32,Mg(BH4)2,0.0,0.05120698055199609,1.0,1.0,1.0,0.57,1.0,0.999970806107727
23899,mp-1202941,Mg4B8H32,Mg(BH4)2,0.0,0.05581138375724712,1.0,1.0,1.0,0.59,1.0,0.999970806107727
