,material_id,full_formula,pretty_formula,LOG ,LOG Prob,DT ,DT Prob,RF ,RF Prob,GB ,GB Prob,MP BG
1,mp-7,S6,S,1.0,0.9952743918756956,1.0,1.0,1.0,0.6575544871794871,1.0,0.999970806107727,2.4880999999999998
2,mp-14,Se3,Se,1.0,0.9998169281507742,1.0,1.0,1.0,0.8303532889224066,1.0,0.999970806107727,1.0119000000000002
3,mp-19,Te3,Te,1.0,0.9998396192691879,1.0,1.0,1.0,0.8183237179487179,1.0,0.999970806107727,0.5751999999999997
4,mp-25,N8,N2,1.0,0.9966862850851658,1.0,1.0,1.0,0.5407029994728564,1.0,0.999970806107727,7.4563999999999995
8,mp-111,Ne1,Ne,1.0,0.9999998086377893,1.0,1.0,1.0,0.7968331125988432,1.0,0.999970806107727,11.8025
10,mp-137,Ge12,Ge,1.0,0.9996771427103815,1.0,1.0,1.0,0.7929227179620334,1.0,0.999970806107727,0.8732000000000002
11,mp-147,Se6,Se,1.0,0.9964572051882306,1.0,1.0,1.0,0.7592522893772893,1.0,0.999970806107727,1.5760999999999998
12,mp-154,N8,N2,1.0,0.9932394023584655,1.0,1.0,1.0,0.5707029994728564,1.0,0.999970806107727,7.4649
13,mp-157,P4,P,1.0,0.9993739615882574,1.0,1.0,1.0,0.8886963594581521,1.0,0.999970806107727,0.11509999999999998
14,mp-160,B12,B,1.0,0.9854818731641586,1.0,1.0,1.0,0.7127855942973867,1.0,0.999970806107727,1.5219000000000005
16,mp-189,Si4Ru4,SiRu,1.0,0.7802751393219262,1.0,1.0,1.0,0.8043821555832358,1.0,0.999970806107727,0.2540999999999993
28,mp-252,Be1Te1,BeTe,1.0,0.996548786505669,1.0,1.0,1.0,0.8697370077181306,1.0,0.999970806107727,2.2113000000000005
34,mp-286,Yb1Se1,YbSe,1.0,0.8162418130862831,1.0,1.0,1.0,0.7977505656108598,1.0,0.999970806107727,2.0324999999999998
45,mp-344,B4N4,BN,1.0,0.5827690605166349,1.0,1.0,1.0,0.7185349748071169,1.0,0.999970806107727,3.5021000000000004
47,mp-358,Hg3Te3,HgTe,1.0,0.9964721316979296,1.0,1.0,1.0,0.6258796927914853,1.0,0.999970806107727,0.4918999999999998
48,mp-361,Cu4O2,Cu2O,1.0,0.734801282584912,1.0,1.0,1.0,0.630250207914335,1.0,0.999970806107727,0.5126999999999997
58,mp-406,Cd1Te1,CdTe,1.0,0.9999119004954508,1.0,1.0,1.0,0.790099568345708,1.0,0.999970806107727,1.2285
59,mp-408,Mg2Ge1,Mg2Ge,1.0,0.983079414247217,1.0,1.0,1.0,0.6346903918050749,1.0,0.999970806107727,0.25050000000000017
85,mp-602,Te4Mo2,Te2Mo,1.0,0.9884894386372172,1.0,1.0,1.0,0.699375,1.0,0.8805134540276066,1.1197
90,mp-634,Hg3S3,HgS,1.0,0.988554316213214,1.0,1.0,1.0,0.6898960838992104,1.0,0.999970806107727,1.7241
95,mp-665,Sn1Se2,SnSe2,1.0,0.9988912467699731,1.0,1.0,1.0,0.682923717948718,1.0,0.999970806107727,0.8000000000000003
109,mp-730,P8Pt4,P2Pt,1.0,0.9281731763504378,1.0,1.0,1.0,0.5232856151405745,1.0,0.62847299188284,1.1258
119,mp-820,Hg1Se1,HgSe,1.0,0.9998600642435388,1.0,1.0,1.0,0.7593175311105734,1.0,0.999970806107727,0.12360000000000004
127,mp-871,Fe4Si4,FeSi,1.0,0.9968526992078576,1.0,1.0,1.0,0.7949836739718746,1.0,0.999970806107727,0.16639999999999944
133,mp-913,Cd8P16,CdP2,1.0,0.8406285791050748,1.0,1.0,1.0,0.5843905216344569,1.0,0.999970806107727,1.5931000000000002
136,mp-938,Ge1Te1,GeTe,1.0,0.9998547130387941,1.0,1.0,1.0,0.8349660010158954,1.0,0.999970806107727,0.8215000000000003
137,mp-947,Au4S2,Au2S,1.0,0.9522926065010395,1.0,1.0,1.0,0.6314596683714607,1.0,0.999970806107727,1.9091
145,mp-1000,Ba1Te1,BaTe,1.0,0.813924357526619,1.0,1.0,1.0,0.7675544871794873,1.0,0.999970806107727,1.8555
148,mp-1039,Mg2Te2,MgTe,1.0,0.9972439767974832,1.0,1.0,1.0,0.9275502333212394,1.0,0.999970806107727,2.3619999999999997
152,mp-1070,Cd2Se2,CdSe,1.0,0.9995573041442319,1.0,1.0,1.0,0.9227813217488239,1.0,0.999970806107727,0.5589
166,mp-1156,Ga1Sb1,GaSb,1.0,0.9999787101988896,1.0,1.0,1.0,0.9402443716561868,1.0,0.999970806107727,0.36549999999999994
175,mp-1222,Cr3Si6,CrSi2,1.0,0.999349045491186,1.0,1.0,1.0,0.8132903918050748,1.0,0.999970806107727,0.3863000000000003
183,mp-1265,Mg1O1,MgO,1.0,0.7401830216145849,1.0,1.0,1.0,0.747369598254948,1.0,0.938359339555831,4.638
191,mp-1315,Mg1S1,MgS,1.0,0.9609774577868101,1.0,1.0,1.0,0.7921950100553041,1.0,0.999970806107727,2.9642
218,mp-1479,B1P1,BP,1.0,0.9979160539549048,1.0,1.0,1.0,0.8200423048877145,1.0,0.999970806107727,1.4661999999999997
222,mp-1519,Ca1Te1,CaTe,1.0,0.9708261492306378,1.0,1.0,1.0,0.7275544871794872,1.0,0.999970806107727,1.6040999999999999
225,mp-1541,Be1Se1,BeSe,1.0,0.9894984593110482,1.0,1.0,1.0,0.8502194093298671,1.0,0.999970806107727,2.8976
230,mp-1569,Be2C1,Be2C,1.0,0.88373506673182,1.0,1.0,1.0,0.8018453196347033,1.0,0.999970806107727,1.4432999999999998
231,mp-1572,Ga4Se4,GaSe,1.0,0.989588600491256,1.0,1.0,1.0,0.6506019069045911,1.0,0.999970806107727,1.2567000000000002
242,mp-1639,B1N1,BN,1.0,0.999845548290781,1.0,1.0,1.0,0.8978021286889212,1.0,0.999970806107727,4.6482
248,mp-1714,Fe8Si16,FeSi2,1.0,0.9888164440544664,1.0,1.0,1.0,0.5908918026491486,1.0,0.999970806107727,0.6975999999999996
260,mp-1778,Be1O1,BeO,1.0,0.9673181870401132,1.0,1.0,1.0,0.7892954368293716,1.0,0.9942250220101878,6.9752
261,mp-1779,Yb1Te1,YbTe,1.0,0.9966155956414475,1.0,1.0,1.0,0.7476462302987532,1.0,0.999970806107727,1.5272999999999999
264,mp-1794,Be1O1,BeO,1.0,0.9948765601496754,1.0,1.0,1.0,0.68,1.0,0.9998893314943815,8.2675
268,mp-1820,Yb1S1,YbS,1.0,0.6598595140010729,1.0,1.0,1.0,0.7392890271493213,1.0,0.999970806107727,2.444
271,mp-1848,Te8Ru4,Te2Ru,1.0,0.8178453546875972,1.0,1.0,1.0,0.5338525255143179,1.0,0.999970806107727,0.14100000000000001
279,mp-1876,Sn1S1,SnS,1.0,0.9954346062030148,1.0,1.0,1.0,0.8548793457671627,1.0,0.999970806107727,0.9549000000000003
281,mp-1883,Sn1Te1,SnTe,1.0,0.999940854671674,1.0,1.0,1.0,0.8116462302987533,1.0,0.999970806107727,0.6623999999999999
286,mp-1943,Ga4Se4,GaSe,1.0,0.9965866882946883,1.0,1.0,1.0,0.7473890217505296,1.0,0.999970806107727,1.2476999999999998
289,mp-1958,Sr1Te1,SrTe,1.0,0.8043750486187023,1.0,1.0,1.0,0.7075544871794872,1.0,0.999970806107727,2.0435000000000003
293,mp-1985,C6N8,C3N4,1.0,0.969519100900968,1.0,1.0,1.0,0.55,1.0,0.999970806107727,3.341000000000001
296,mp-2008,Fe2As4,FeAs2,1.0,0.994752969491736,1.0,1.0,1.0,0.7186197568844398,1.0,0.999970806107727,0.28550000000000075
316,mp-2142,Te8Os4,Te2Os,1.0,0.9600856252808175,1.0,1.0,1.0,0.5992389418757343,1.0,0.999970806107727,0.5230999999999995
323,mp-2201,Pb1Se1,PbSe,1.0,0.9973068865082694,1.0,1.0,1.0,0.7998207372765969,1.0,0.999970806107727,0.9081000000000001
338,mp-2319,P4Os2,P2Os,1.0,0.8986978837276732,1.0,1.0,1.0,0.6282150552508893,1.0,0.999970806107727,0.8560999999999996
354,mp-2455,As4Os2,As2Os,1.0,0.981927153567649,1.0,1.0,1.0,0.6980280137651738,1.0,0.999970806107727,0.7559999999999993
360,mp-2488,Si4Os4,SiOs,1.0,0.9307322845282966,1.0,1.0,1.0,0.8051438958905054,1.0,0.999970806107727,0.6209000000000007
363,mp-2513,As8Pt4,As2Pt,1.0,0.9814617533427085,1.0,1.0,1.0,0.585280608542401,1.0,0.999970806107727,0.28500000000000014
367,mp-2542,Be2O2,BeO,1.0,0.9787824960062197,1.0,1.0,1.0,0.78,1.0,0.999970806107727,7.463099999999999
374,mp-2600,Ba1Te1,BaTe,1.0,0.723157158118545,1.0,1.0,1.0,0.7626462302987532,1.0,0.999970806107727,1.7263000000000002
377,mp-2612,Ge1Te1,GeTe,1.0,0.9768509576326634,1.0,1.0,1.0,0.8804992835362205,1.0,0.999970806107727,0.6197999999999997
378,mp-2624,Al1Sb1,AlSb,1.0,0.9999040126204194,1.0,1.0,1.0,0.9219146502939579,1.0,0.999970806107727,1.2605000000000004
386,mp-2653,B2N2,BN,1.0,0.9999428567445803,1.0,1.0,1.0,0.8286287701627049,1.0,0.999970806107727,5.363
389,mp-2667,Cs1Au1,CsAu,1.0,0.992167442678572,1.0,1.0,1.0,0.7431224207749437,1.0,0.999970806107727,1.9857
391,mp-2691,Cd1Se1,CdSe,1.0,0.9999301255920613,1.0,1.0,1.0,0.9826295984006042,1.0,0.999970806107727,0.5095
392,mp-2693,Sn1Se1,SnSe,1.0,0.9915556451245094,1.0,1.0,1.0,0.8372884560714318,1.0,0.999970806107727,0.8203000000000005
393,mp-2695,Sb4Os2,Sb2Os,1.0,0.9940234488448894,1.0,1.0,1.0,0.6353604620222544,1.0,0.999970806107727,0.40390000000000015
396,mp-2715,Co4As8,CoAs2,1.0,0.9204195683689156,1.0,1.0,1.0,0.6348375148209479,1.0,0.999970806107727,0.17100000000000026
454,mp-3019,Tl8Sn2Te6,Tl4SnTe3,1.0,0.9875943874661496,1.0,1.0,1.0,0.5491845238095238,1.0,0.999970806107727,0.37429999999999986
571,mp-3432,Sc1Ni1Sb1,ScNiSb,1.0,0.9542118501808486,1.0,1.0,1.0,0.5313851414998245,1.0,0.999970806107727,0.3161000000000005
619,mp-3595,Zn2Si2As4,ZnSiAs2,1.0,0.9625416388795154,1.0,1.0,1.0,0.8120512179642709,1.0,0.999970806107727,0.8902000000000001
647,mp-3716,Tb1Ni1Sb1,TbNiSb,1.0,0.9359346863631901,1.0,1.0,1.0,0.6530767783992326,1.0,0.999970806107727,0.3841999999999999
667,mp-3772,Cd1Ga2Se4,Cd(GaSe2)2,1.0,0.6103660101604079,1.0,1.0,1.0,0.6646466293096823,1.0,0.999970806107727,1.3487
685,mp-3829,Cd2Sn2As4,CdSnAs2,1.0,0.9996080549095546,1.0,1.0,1.0,0.9377256466752626,1.0,0.999970806107727,0.3094000000000001
743,mp-4008,Zn2Ge2As4,ZnGeAs2,1.0,0.9995009991422947,1.0,1.0,1.0,0.9473903631288614,1.0,0.999970806107727,0.5678999999999998
748,mp-4025,Tm1Ni1Sb1,TmNiSb,1.0,0.9422483513143205,1.0,1.0,1.0,0.6619314313715328,1.0,0.999970806107727,0.3138000000000005
785,mp-4174,Ho1Ni1Sb1,HoNiSb,1.0,0.9534494006473857,1.0,1.0,1.0,0.6519314313715328,1.0,0.999970806107727,0.3481000000000005
859,mp-4510,Dy1Ni1Sb1,DyNiSb,1.0,0.9620151060616895,1.0,1.0,1.0,0.6519314313715328,1.0,0.999970806107727,0.3669000000000002
864,mp-4524,Zn2Ge2P4,ZnGeP2,1.0,0.9983246959826391,1.0,1.0,1.0,0.8660653762830397,1.0,0.999970806107727,1.2026
881,mp-4573,Tl1Sb1Te2,TlSbTe2,1.0,0.997584887207814,1.0,1.0,1.0,0.7071232371794872,1.0,0.999970806107727,0.13229999999999986
932,mp-4730,Ga2Hg1Se4,Ga2HgSe4,1.0,0.6611971925147899,1.0,1.0,1.0,0.67573114993706,1.0,0.999970806107727,0.9189
968,mp-4840,Ga2Cu2Se4,GaCuSe2,1.0,0.8670697191049932,1.0,1.0,1.0,0.8621142623151665,1.0,0.999970806107727,0.45809999999999995
982,mp-4899,Ga2Ag2Te4,GaAgTe2,1.0,0.9861176516112437,1.0,1.0,1.0,0.8279076433948035,1.0,0.999970806107727,0.1926000000000001
996,mp-4964,Y1Sb1Pt1,YSbPt,1.0,0.5402212259361366,1.0,1.0,1.0,0.6434689352619778,1.0,0.999970806107727,0.1097999999999999
1063,mp-5213,Cd2Sn2P4,CdSnP2,1.0,0.892765455662695,1.0,1.0,1.0,0.8369902309847828,1.0,0.999970806107727,0.6713999999999998
1070,mp-5238,Ga2Cu2S4,GaCuS2,1.0,0.9866514032990091,1.0,1.0,1.0,0.8500052550685432,1.0,0.999970806107727,0.7026000000000003
1202,mp-5782,Al2Ag2S4,AlAgS2,1.0,0.5917511393190854,1.0,1.0,1.0,0.6936433426753809,1.0,0.5927166220792437,1.8992
1257,mp-5967,Ti1Co1Sb1,TiCoSb,1.0,0.7707348697202537,1.0,1.0,1.0,0.5458199241085202,1.0,0.999970806107727,1.0675
1442,mp-6408,Zn1Cu2Ge1S4,ZnCu2GeS4,1.0,0.8751033494085687,1.0,1.0,1.0,0.7079220268784181,1.0,0.999970806107727,0.34830000000000005
1716,mp-7173,Sc1Sb1Pt1,ScSbPt,1.0,0.7854300080917563,1.0,1.0,1.0,0.5918270960594261,1.0,0.999970806107727,0.6597
1719,mp-7188,Al2Os1,Al2Os,1.0,0.9949150727032187,1.0,1.0,1.0,0.7221743425051743,1.0,0.999970806107727,0.3106000000000009
1874,mp-7716,Sb6Te6,SbTe,1.0,0.999913493446068,1.0,1.0,1.0,0.6786533191651116,1.0,0.999970806107727,0.20670000000000055
1930,mp-7908,Al2Zn1Te4,Al2ZnTe4,1.0,0.7684901373465984,1.0,1.0,1.0,0.6671962194021295,1.0,0.999970806107727,1.8961999999999999
1931,mp-7909,Al2Cd1Te4,Al2CdTe4,1.0,0.5529428650830056,1.0,1.0,1.0,0.6621962194021295,1.0,0.999970806107727,1.8805
1978,mp-8016,Al2Cu2Se4,AlCuSe2,1.0,0.832226738864082,1.0,1.0,1.0,0.9281813035270994,1.0,0.999970806107727,0.8932000000000002
1994,mp-8085,Mg6P4,Mg3P2,1.0,0.9063393156208368,1.0,1.0,1.0,0.5324988380085037,1.0,0.999970806107727,1.5587999999999997
2037,mp-8211,Ga2Ge2Te2,GaGeTe,1.0,0.8543603497243577,1.0,1.0,1.0,0.6576632523691626,1.0,0.999970806107727,0.2841
2078,mp-8311,Si3Ni1P4,Si3NiP4,1.0,0.9625485949514163,1.0,1.0,1.0,0.7542156634139309,1.0,0.999970806107727,0.3369
2255,mp-8938,Si6Mo3,Si2Mo,1.0,0.9667883653478927,1.0,1.0,1.0,0.7860231744907986,1.0,0.999970806107727,0.21669999999999945
2357,mp-9252,Hg3S3,HgS,1.0,0.992259364894545,1.0,1.0,1.0,0.6894879206339042,1.0,0.999970806107727,1.7037999999999998
2412,mp-9410,C12N16,C3N4,1.0,0.7061485015061586,1.0,1.0,1.0,0.52,1.0,0.999970806107727,3.8089000000000013
2448,mp-9548,Ge6As6,GeAs,1.0,0.9899145057296588,1.0,1.0,1.0,0.6291410911970012,1.0,0.999970806107727,0.6389
2580,mp-9897,Te3As2,Te3As2,1.0,0.9999632381999335,1.0,1.0,1.0,0.8061899038461539,1.0,0.999970806107727,0.27939999999999987
2596,mp-10009,Ga4Te4,GaTe,1.0,0.9900654895420387,1.0,1.0,1.0,0.5981632523691625,1.0,0.999970806107727,0.8979999999999997
2597,mp-10013,Sn1S1,SnS,1.0,0.9993367190039654,1.0,1.0,1.0,0.8650867243974873,1.0,0.999970806107727,0.23709999999999987
2598,mp-10044,B1As1,BAs,1.0,0.9962441410376227,1.0,1.0,1.0,0.9011350546074446,1.0,0.999970806107727,1.2521999999999993
2649,mp-10378,Cs3Sb1,Cs3Sb,1.0,0.8928923776335063,1.0,1.0,1.0,0.7540429567811644,1.0,0.999970806107727,1.1015000000000001
2692,mp-10525,Na1Li2N1,NaLi2N,1.0,0.6760377302347926,1.0,1.0,1.0,0.6221590493720468,1.0,0.999970806107727,2.3439
2713,mp-10623,Th1Sb1Rh1,ThSbRh,1.0,0.5299193984656698,1.0,1.0,1.0,0.6328535506465931,1.0,0.999970806107727,0.9939
2714,mp-10627,Sr1S1,SrS,1.0,0.8993628137367611,1.0,1.0,1.0,0.6242468265118882,1.0,0.999970806107727,1.8860000000000001
2716,mp-10648,Yb2Se2,YbSe,1.0,0.9105178745154956,1.0,1.0,1.0,0.749189375731331,1.0,0.999970806107727,2.2566
2717,mp-10653,Sr1Te1,SrTe,1.0,0.977941033302515,1.0,1.0,1.0,0.7626462302987532,1.0,0.999970806107727,0.5679999999999996
2719,mp-10680,Ba1Se1,BaSe,1.0,0.7358662109580659,1.0,1.0,1.0,0.7025544871794872,1.0,0.999970806107727,1.2143000000000002
2724,mp-10759,Ge1Se1,GeSe,1.0,0.9697475266463018,1.0,1.0,1.0,0.8076462302987533,1.0,0.999970806107727,0.4400999999999997
2725,mp-10760,Mg1Se1,MgSe,1.0,0.9538964307760698,1.0,1.0,1.0,0.8538616767219708,1.0,0.999970806107727,1.9791999999999996
2749,mp-10824,Zn1Cu2Ge1Se4,ZnCu2GeSe4,1.0,0.7813667841208762,1.0,1.0,1.0,0.833595743796648,1.0,0.999970806107727,0.10990000000000011
2774,mp-10967,Cd1Cu2Ge1Se4,CdCu2GeSe4,1.0,0.6010093737655462,1.0,1.0,1.0,0.766031097772219,1.0,0.999970806107727,0.24659999999999993
2821,mp-11191,Cr3Si6,CrSi2,1.0,0.9993989031545218,1.0,1.0,1.0,0.8132903918050748,1.0,0.999970806107727,0.4093
2825,mp-11342,Ga2Se2,GaSe,1.0,0.9893896461801422,1.0,1.0,1.0,0.6589352402379245,1.0,0.999970806107727,1.3619999999999999
2828,mp-11520,Y1Ni1Sb1,YNiSb,1.0,0.927050846746123,1.0,1.0,1.0,0.6362638287270134,1.0,0.999970806107727,0.34859999999999935
2873,mp-11739,K1La1Te2,KLaTe2,1.0,0.5853173539114408,1.0,1.0,1.0,0.5759007408345138,1.0,0.999970806107727,1.7520000000000002
2907,mp-12103,N2,N2,1.0,0.9997996851157942,1.0,1.0,1.0,0.8141463675213676,1.0,0.999970806107727,1.0556999999999999
2908,mp-12112,Cd8P16,CdP2,1.0,0.8271978279607317,1.0,1.0,1.0,0.5843905216344569,1.0,0.999970806107727,1.5913999999999997
3021,mp-12779,Cd2Te2,CdTe,1.0,0.9998640095946608,1.0,1.0,1.0,0.780099568345708,1.0,0.999970806107727,0.6185999999999998
3028,mp-12855,Cu2Hg1Ge1Se4,Cu2HgGeSe4,1.0,0.535600231821637,1.0,1.0,1.0,0.7155477384712957,1.0,0.999970806107727,0.1221000000000001
3034,mp-12883,P8,P,1.0,0.9964302256132452,1.0,1.0,1.0,0.7196173366107576,1.0,0.999970806107727,3.6276
3065,mp-13031,Mg1Se1,MgSe,1.0,0.9799032680144113,1.0,1.0,1.0,0.8780624758970184,1.0,0.999970806107727,2.5473000000000003
3066,mp-13032,Mg1S1,MgS,1.0,0.9991696872262098,1.0,1.0,1.0,0.7452405562307637,1.0,0.999970806107727,3.5792
3067,mp-13033,Mg1Te1,MgTe,1.0,0.9982880445814889,1.0,1.0,1.0,0.9325502333212391,1.0,0.999970806107727,2.3181000000000003
3082,mp-13099,Y1N1,YN,1.0,0.9796383025201225,1.0,1.0,1.0,0.7999228819200623,1.0,0.999970806107727,2.2998
3089,mp-13151,B4N4,BN,1.0,0.9866086428309647,1.0,1.0,1.0,0.77,1.0,0.9998499181266816,4.825699999999999
3112,mp-13308,Ho1Ge1Au1,HoGeAu,1.0,0.8013248995286884,1.0,1.0,1.0,0.6723235882342777,1.0,0.999970806107727,0.21750000000000025
3227,mp-13949,Cd1Ga2Te4,Cd(GaTe2)2,1.0,0.7088451841325963,1.0,1.0,1.0,0.6471962194021295,1.0,0.999970806107727,1.4600000000000004
3275,mp-14092,Al2Ag2Te4,AlAgTe2,1.0,0.9631090930633897,1.0,1.0,1.0,0.7748599289001862,1.0,0.999970806107727,1.6624999999999996
3470,mp-14791,Ge2Te5As2,Ge2Te5As2,1.0,0.9959438336193106,1.0,1.0,1.0,0.5299714359107512,1.0,0.999970806107727,0.5946000000000007
3562,mp-15252,Cu4Ge2S6,Cu2GeS3,1.0,0.86720456001801,1.0,1.0,1.0,0.7724372023245037,1.0,0.999970806107727,0.37430000000000074
3630,mp-15649,As8Ir4,As2Ir,1.0,0.5507827954135845,1.0,1.0,1.0,0.5570811249145579,1.0,0.999970806107727,1.1531000000000002
3652,mp-15777,Zn1Ga2Te4,Zn(GaTe2)2,1.0,0.8986301474860455,1.0,1.0,1.0,0.6477844546962471,1.0,0.999970806107727,1.4483000000000001
3677,mp-15896,Cu4Si2Se6,Cu2SiSe3,1.0,0.5444949263449768,1.0,1.0,1.0,0.8823348888026687,1.0,0.999970806107727,0.242
3746,mp-16337,Ga2Hg1Te4,Ga2HgTe4,1.0,0.7765580170066076,1.0,1.0,1.0,0.5975463594581519,1.0,0.999970806107727,1.1189
3748,mp-16364,Sn1Te1,SnTe,1.0,0.9999230901083157,1.0,1.0,1.0,0.7091915242165241,1.0,0.999970806107727,0.18179999999999996
3932,mp-17123,Si16Os8,Si2Os,1.0,0.7992158175450647,1.0,1.0,1.0,0.5498451995143171,1.0,0.8805134540276066,0.6512999999999991
4735,mp-19009,Ni2O2,NiO,1.0,0.652027495618702,1.0,1.0,1.0,0.6907946747075474,1.0,0.9992457378697573,2.4141000000000004
4842,mp-19184,V4O4,VO,1.0,0.911720928468905,1.0,1.0,1.0,0.6455478235680617,1.0,0.999970806107727,1.7866999999999997
5045,mp-19717,Te1Pb1,TePb,1.0,0.9974177044075203,1.0,1.0,1.0,0.8219433580322161,1.0,0.999970806107727,1.0581999999999994
5056,mp-19795,In4S4,InS,1.0,0.9788609525091423,1.0,1.0,1.0,0.6166712872970745,1.0,0.999970806107727,1.5450999999999997
5062,mp-19833,In2Ag2S4,InAgS2,1.0,0.8410534278141453,1.0,1.0,1.0,0.775613173674582,1.0,0.999970806107727,0.6151999999999997
5076,mp-19921,Pb2O2,PbO,1.0,0.9592426138190042,1.0,1.0,1.0,0.7106881793441642,1.0,0.999970806107727,1.7743000000000002
5121,mp-20162,In1Ag1S2,InAgS2,1.0,0.8887835895440765,1.0,1.0,1.0,0.5999024366230019,1.0,0.6294278893192846,0.11439999999999984
5123,mp-20185,Lu1Ni1Sb1,LuNiSb,1.0,0.9472476602529214,1.0,1.0,1.0,0.6519314313715328,1.0,0.999970806107727,0.2763
5147,mp-20305,In1As1,InAs,1.0,0.9999910236515166,1.0,1.0,1.0,0.9528702398729533,1.0,0.999970806107727,0.3049999999999997
5155,mp-20351,In1P1,InP,1.0,0.9944805506017583,1.0,1.0,1.0,0.9212122971098974,1.0,0.999970806107727,0.46640000000000015
5178,mp-20485,In4Se4,InSe,1.0,0.9917282456185688,1.0,1.0,1.0,0.6169581241640343,1.0,0.999970806107727,0.4590000000000001
5187,mp-20554,In2Ag2Se4,InAgSe2,1.0,0.9883333021835071,1.0,1.0,1.0,0.9434608992136125,1.0,0.999970806107727,0.3607
5207,mp-20740,Tl8Te6Pb2,Tl4Te3Pb,1.0,0.982630923329645,1.0,1.0,1.0,0.5199465101108937,1.0,0.999970806107727,0.47080000000000055
5225,mp-20832,Zn1In2Te4,Zn(InTe2)2,1.0,0.5752695730517884,1.0,1.0,1.0,0.5713754884004885,1.0,0.999970806107727,1.2762999999999995
5272,mp-21272,Er1Ni1Sb1,ErNiSb,1.0,0.9388294311435803,1.0,1.0,1.0,0.6619314313715328,1.0,0.999970806107727,0.33119999999999994
5275,mp-21276,Pb1S1,PbS,1.0,0.8986986040373413,1.0,1.0,1.0,0.8257394364635886,1.0,0.999970806107727,0.9925999999999995
5438,mp-22205,In2N2,InN,1.0,0.9879589469786983,1.0,1.0,1.0,0.7956945108049684,1.0,0.999970806107727,0.47770000000000046
5459,mp-22304,Cd1In2Se4,Cd(InSe2)2,1.0,0.5498746666179098,1.0,1.0,1.0,0.6858714330773431,1.0,0.999970806107727,1.399
5544,mp-22691,In2Se2,InSe,1.0,0.983199312511933,1.0,1.0,1.0,0.6369581241640343,1.0,0.999970806107727,0.8635000000000002
5559,mp-22786,Th1Ni1Sn1,ThNiSn,1.0,0.542027623229462,1.0,1.0,1.0,0.6423235882342777,1.0,0.999970806107727,0.35329999999999995
5561,mp-22791,Tl2In2Te4,TlInTe2,1.0,0.9251456638136635,1.0,1.0,1.0,0.714427128688921,1.0,0.999970806107727,0.6498999999999997
5570,mp-22848,Cl4,Cl2,1.0,0.9960149834939095,1.0,1.0,1.0,0.736344025113882,1.0,0.999970806107727,2.5793999999999997
5579,mp-22863,Cu2I2,CuI,1.0,0.9262228246953569,1.0,1.0,1.0,0.773858283373017,1.0,0.999970806107727,1.5715999999999992
5583,mp-22870,In2Br2,InBr,1.0,0.5340931934757851,1.0,1.0,1.0,0.6142489974695629,1.0,0.999970806107727,1.6191
5587,mp-22875,Tl1Br1,TlBr,1.0,0.9943797816614539,1.0,1.0,1.0,0.8228423087301259,1.0,0.999970806107727,2.3615
5598,mp-22894,Ag2I2,AgI,1.0,0.9962306874692214,1.0,1.0,1.0,0.8200182675326998,1.0,0.999970806107727,1.3955
5599,mp-22895,Cu1I1,CuI,1.0,0.9932404758455111,1.0,1.0,1.0,0.9062418034477137,1.0,0.999970806107727,1.1762999999999995
5601,mp-22897,Hg2Cl2,HgCl,1.0,0.9500609356272446,1.0,1.0,1.0,0.7164169241135534,1.0,0.999970806107727,2.8204000000000002
5604,mp-22901,K1I1,KI,1.0,0.6225081821753351,1.0,1.0,1.0,0.6290929487179486,1.0,0.999970806107727,3.9111
5611,mp-22913,Cu1Br1,CuBr,1.0,0.998302570672344,1.0,1.0,1.0,0.8561259157509157,1.0,0.999970806107727,0.48709999999999987
5612,mp-22914,Cu1Cl1,CuCl,1.0,0.9973558275120165,1.0,1.0,1.0,0.7396157832243498,1.0,0.999970806107727,0.8018000000000005
5613,mp-22915,Ag1I1,AgI,1.0,0.9945433096514512,1.0,1.0,1.0,0.7928423087301258,1.0,0.999970806107727,0.4700000000000002
5615,mp-22917,Cu2Br2,CuBr,1.0,0.8362113471796025,1.0,1.0,1.0,0.8156913696097355,1.0,0.999970806107727,0.9962
5616,mp-22919,Ag1I1,AgI,1.0,0.9863700877536689,1.0,1.0,1.0,0.7676462302987532,1.0,0.999970806107727,1.0059000000000005
5618,mp-22925,Ag1I1,AgI,1.0,0.9977508765399894,1.0,1.0,1.0,0.8100182675326998,1.0,0.999970806107727,1.7236
5641,mp-22965,Bi1Te1I1,BiTeI,1.0,0.998902765433253,1.0,1.0,1.0,0.7721602742165241,1.0,0.999970806107727,1.3295000000000003
5669,mp-23005,Bi4Te7Pb1,Bi4Te7Pb,1.0,0.998584130710164,1.0,1.0,1.0,0.6846232071202937,1.0,0.999970806107727,0.5997999999999992
5766,mp-23153,I4,I,1.0,0.9999783451144915,1.0,1.0,1.0,0.7983237179487179,1.0,0.999970806107727,1.0495999999999999
5767,mp-23154,Br4,Br,1.0,0.9998012359095377,1.0,1.0,1.0,0.7676104170986245,1.0,0.999970806107727,1.3266
5768,mp-23155,Ar1,Ar,1.0,0.999998118710325,1.0,1.0,1.0,0.8591463675213675,1.0,0.999970806107727,8.6048
5769,mp-23156,He2,He,1.0,0.9999999981967913,1.0,1.0,1.0,0.7870128329566028,1.0,0.999970806107727,17.775399999999998
5770,mp-23158,He1,He,1.0,0.9999999989848869,1.0,1.0,1.0,0.7975544871794873,1.0,0.999970806107727,17.6526
5775,mp-23167,Tl1Cl1,TlCl,1.0,0.9867128147044654,1.0,1.0,1.0,0.7948451098505741,1.0,0.999970806107727,2.5887000000000002
5788,mp-23192,Hg2I4,HgI2,1.0,0.96818383091792,1.0,1.0,1.0,0.6475903846153847,1.0,0.999970806107727,1.8528
5791,mp-23197,Tl1I1,TlI,1.0,0.9843774461946689,1.0,1.0,1.0,0.8626462302987532,1.0,0.999970806107727,2.2503
5808,mp-23227,Cu2Br2,CuBr,1.0,0.9867245076891504,1.0,1.0,1.0,0.9301692809402867,1.0,0.999970806107727,0.43210000000000015
5812,mp-23231,Ag1Br1,AgBr,1.0,0.9515186590599485,1.0,1.0,1.0,0.7776462302987532,1.0,0.999970806107727,0.7946
5829,mp-23270,Th6Bi8,Th3Bi4,1.0,0.5704805388368916,1.0,1.0,1.0,0.5397926639570475,1.0,0.999970806107727,0.20979999999999954
5845,mp-23302,Rb1I1,RbI,1.0,0.7878826753461872,1.0,1.0,1.0,0.7325544871794872,1.0,0.999970806107727,3.9656
5847,mp-23304,Rb3Bi1,Rb3Bi,1.0,0.8181833150992065,1.0,1.0,1.0,0.7631224207749437,1.0,0.999970806107727,0.2915000000000001
5925,mp-23435,Bi4Te2I2,Bi2TeI,1.0,0.9995271338839916,1.0,1.0,1.0,0.7208044871794871,1.0,0.999970806107727,0.19440000000000035
6059,mp-23703,Li1H1,LiH,1.0,0.9427296506240219,1.0,1.0,1.0,0.6621771286889211,1.0,0.999970806107727,3.1751
6183,mp-23907,H2,H2,1.0,0.9999329766118562,1.0,1.0,1.0,0.676258190883191,1.0,0.999970806107727,7.4955
6287,mp-24093,Cu2H2,CuH,1.0,0.9907010934355096,1.0,1.0,1.0,0.743344065432006,1.0,0.999970806107727,0.7310000000000008
6469,mp-24504,H4,H2,1.0,0.9995424962116044,1.0,1.0,1.0,0.6425544871794873,1.0,0.999970806107727,9.391300000000001
7080,mp-27947,Sn1Sb2Te4,Sn(SbTe2)2,1.0,0.9998000671732757,1.0,1.0,1.0,0.6990213853276352,1.0,0.999970806107727,0.28420000000000023
7081,mp-27948,Ge1Bi2Te4,Ge(BiTe2)2,1.0,0.9988930734548822,1.0,1.0,1.0,0.5898796927914852,1.0,0.999970806107727,0.5095000000000001
8001,mp-29643,Cu1As1Se2,CuAsSe2,1.0,0.7989775724006051,1.0,1.0,1.0,0.7970929034907218,1.0,0.999970806107727,0.5215999999999998
8007,mp-29666,Bi2Te2Se1,Bi2Te2Se,1.0,0.9910694263638691,1.0,1.0,1.0,0.622546359458152,1.0,0.999970806107727,0.5441999999999996
8029,mp-29711,Tl4Te6,Tl2Te3,1.0,0.7913007564402353,1.0,1.0,1.0,0.6049583333333333,1.0,0.999970806107727,0.7169000000000008
8225,mp-30148,B2C4N2,BC2N,1.0,0.9843880362382151,1.0,1.0,1.0,0.79,1.0,0.9923496254317737,2.1098999999999997
8304,mp-30373,Rb1Au1,RbAu,1.0,0.6501267611849246,1.0,1.0,1.0,0.746741369479577,1.0,0.999970806107727,0.7182999999999999
8305,mp-30452,Dy1Ni1Bi1,DyNiBi,1.0,0.8912366837191685,1.0,1.0,1.0,0.6220434761894598,1.0,0.999970806107727,0.2658000000000005
8307,mp-30457,Lu1Ni1Bi1,LuNiBi,1.0,0.9630050671604082,1.0,1.0,1.0,0.6620434761894597,1.0,0.999970806107727,0.1726000000000001
8308,mp-30459,Sc1Ni1Bi1,ScNiBi,1.0,0.6935188278120995,1.0,1.0,1.0,0.5067191926298821,1.0,0.999970806107727,0.23439999999999994
8309,mp-30460,Y1Ni1Bi1,YNiBi,1.0,0.6650964189134194,1.0,1.0,1.0,0.6420434761894599,1.0,0.999970806107727,0.2569999999999997
8326,mp-30847,Ti1Sn1Pt1,TiSnPt,1.0,0.9345889191998015,1.0,1.0,1.0,0.594592495797303,1.0,0.999970806107727,0.8310000000000004
8512,mp-31406,Bi2Te1Se2,Bi2TeSe2,1.0,0.9989279331626901,1.0,1.0,1.0,0.7547383627946127,1.0,0.999970806107727,0.9579999999999997
8518,mp-31451,Zr1Co1Bi1,ZrCoBi,1.0,0.9164448682848566,1.0,1.0,1.0,0.5320434761894598,1.0,0.999970806107727,1.0123000000000006
8519,mp-31454,Ta1Sb1Ru1,TaSbRu,1.0,0.9904277545335617,1.0,1.0,1.0,0.6813446804318406,1.0,0.999970806107727,0.8956
8520,mp-31455,V1Sb1Ru1,VSbRu,1.0,0.8247207274732957,1.0,1.0,1.0,0.5428045394931355,1.0,0.999970806107727,0.2740999999999998
8528,mp-31507,Sb2Te4Pb1,Sb2Te4Pb,1.0,0.9995844910621992,1.0,1.0,1.0,0.6948044871794872,1.0,0.999970806107727,0.3028999999999993
8556,mp-34202,Bi2Te3,Bi2Te3,1.0,0.999907949942115,1.0,1.0,1.0,0.7248044871794872,1.0,0.999970806107727,0.3861000000000008
9208,mp-541312,Ge3Te6As2,Ge3(Te3As)2,1.0,0.9967380070079245,1.0,1.0,1.0,0.5499714359107513,1.0,0.999970806107727,0.5336000000000007
9347,mp-541837,Bi2Se3,Bi2Se3,1.0,0.9995510099263282,1.0,1.0,1.0,0.7087458786889212,1.0,0.999970806107727,0.5434000000000001
10716,mp-555760,S9,S,1.0,0.9880019245295443,1.0,1.0,1.0,0.647554487179487,1.0,0.999970806107727,2.3159
11547,mp-557466,Bi4F12,BiF3,1.0,0.9291931147753714,1.0,1.0,1.0,0.6887872578266345,1.0,0.999970806107727,4.0576
12597,mp-559676,Sn2S2,SnS,1.0,0.6800795346832967,1.0,1.0,1.0,0.6099212436898879,1.0,0.999970806107727,0.7974999999999994
13341,mp-561203,F4,F2,1.0,0.7995191853712462,1.0,1.0,1.0,0.5921904136604994,1.0,0.999970806107727,2.9340000000000006
13721,mp-567313,Te3,Te,1.0,0.9997506724276876,1.0,1.0,1.0,0.7977354826546003,1.0,0.999970806107727,0.5789
13729,mp-567365,Kr2,Kr,1.0,0.9999998924425484,1.0,1.0,1.0,0.8749155982905984,1.0,0.999970806107727,7.1771
13738,mp-567418,Ho1Sb1Pd1,HoSbPd,1.0,0.5546456163006935,1.0,1.0,1.0,0.6165642424704925,1.0,0.999970806107727,0.3304
13782,mp-567636,V1Fe1Sb1,VFeSb,1.0,0.963157256407782,1.0,1.0,1.0,0.5591190215252646,1.0,0.999970806107727,0.5303000000000004
13860,mp-568032,Cd1In2Se4,Cd(InSe2)2,1.0,0.8902039659010393,1.0,1.0,1.0,0.6762795963426492,1.0,0.999970806107727,1.6825
13878,mp-568145,Ar2,Ar,1.0,0.9999995143783955,1.0,1.0,1.0,0.8495167378917379,1.0,0.999970806107727,8.5061
13893,mp-568263,Ga8Se8,GaSe,1.0,0.9868101690527054,1.0,1.0,1.0,0.6289352402379246,1.0,0.999970806107727,1.218
13895,mp-568269,Tm1Ni1Bi1,TmNiBi,1.0,0.9689283063293538,1.0,1.0,1.0,0.6720434761894597,1.0,0.999970806107727,0.2126999999999999
13953,mp-568560,Tl1Br1,TlBr,1.0,0.9212608852464506,1.0,1.0,1.0,0.7976462302987533,1.0,0.999970806107727,2.3494
14021,mp-568927,Ag2I2,AgI,1.0,0.9914748316884667,1.0,1.0,1.0,0.7726462302987532,1.0,0.999970806107727,1.4011999999999998
14038,mp-569044,Bi2Te5Pb2,Bi2Te5Pb2,1.0,0.9998289129186461,1.0,1.0,1.0,0.6544271286889211,1.0,0.999970806107727,0.1576000000000004
14066,mp-569170,Ca2Te2,CaTe,1.0,0.9215995774958676,1.0,1.0,1.0,0.5119920121850545,1.0,0.999970806107727,1.6323000000000003
14092,mp-569346,Cu2I2,CuI,1.0,0.9878101028846824,1.0,1.0,1.0,0.9626295984006041,1.0,0.999970806107727,1.2119999999999997
14095,mp-569360,Hg3,Hg,1.0,0.999993883098832,1.0,1.0,1.0,0.7794711538461538,1.0,0.999970806107727,0.22810000000000002
14132,mp-569600,Ge3As4,Ge3As4,1.0,0.9998084328428579,1.0,1.0,1.0,0.8767324069658399,1.0,0.999970806107727,0.17389999999999972
14142,mp-569639,Tl1Cl1,TlCl,1.0,0.8666187501516643,1.0,1.0,1.0,0.7997540197969218,1.0,0.999970806107727,2.5976
14168,mp-569813,In5Ag1Te8,In5AgTe8,1.0,0.9182003297999516,1.0,1.0,1.0,0.5146533191651116,1.0,0.999970806107727,0.2941999999999996
14217,mp-570051,Tl2Sn1Hg1Te4,Tl2SnHgTe4,1.0,0.7979095164652263,1.0,1.0,1.0,0.7004271286889211,1.0,0.999970806107727,0.29190000000000005
14222,mp-570076,Tl2Cd1Sn1Te4,Tl2CdSnTe4,1.0,0.7972474750982479,1.0,1.0,1.0,0.7341829157259582,1.0,0.999970806107727,0.4927999999999999
14239,mp-570136,Cu6I6,CuI,1.0,0.5890673357921248,1.0,1.0,1.0,0.7271757355000668,1.0,0.999970806107727,1.4615
14270,mp-570256,Ag2Hg1I4,Ag2HgI4,1.0,0.613974693008889,1.0,1.0,1.0,0.642546359458152,1.0,0.999970806107727,1.5935000000000001
14290,mp-570354,Cu1Br1,CuBr,1.0,0.9148628149349579,1.0,1.0,1.0,0.7582770913388215,1.0,0.999970806107727,0.29990000000000006
14294,mp-570377,Sn3As4,Sn3As4,1.0,0.9995348317451039,1.0,1.0,1.0,0.6938832006166337,1.0,0.999970806107727,0.7518000000000002
14320,mp-570510,Xe2,Xe,1.0,0.9999974661317671,1.0,1.0,1.0,0.8749155982905984,1.0,0.999970806107727,6.1937999999999995
14375,mp-570744,Si3As4,Si3As4,1.0,0.999160414439313,1.0,1.0,1.0,0.7047046727952487,1.0,0.999970806107727,0.41140000000000043
14376,mp-570747,N4,N2,1.0,0.9993709801922974,1.0,1.0,1.0,0.6217556310518038,1.0,0.999970806107727,6.7967
14378,mp-570752,H2,H2,1.0,0.9995884577704319,1.0,1.0,1.0,0.6731845238095238,1.0,0.999970806107727,6.6941999999999995
14396,mp-570844,Ga12Os4,Ga3Os,1.0,0.981173951825687,1.0,1.0,1.0,0.5563843582887701,1.0,0.8805134540276066,0.9674
14417,mp-570935,Li2I2,LiI,1.0,0.7226157540630808,1.0,1.0,1.0,0.797013431013431,1.0,0.999970806107727,4.381
14447,mp-571102,Tl1I1,TlI,1.0,0.9781896215395834,1.0,1.0,1.0,0.7876462302987532,1.0,0.999970806107727,2.4360999999999997
14504,mp-571386,Cu1Cl1,CuCl,1.0,0.5082799831621454,1.0,1.0,1.0,0.7302040598290599,1.0,0.999970806107727,0.34139999999999926
14520,mp-571436,Sn1I4,SnI4,1.0,0.9284025291382436,1.0,1.0,1.0,0.680360754985755,1.0,0.999970806107727,1.7788
14555,mp-571550,Sb2Te1Se2,Sb2TeSe2,1.0,0.9997764463318805,1.0,1.0,1.0,0.7351162490592915,1.0,0.999970806107727,0.5558999999999994
14588,mp-571653,C3N4,C3N4,1.0,0.9993859849788901,1.0,1.0,1.0,0.745,1.0,0.9996546185843787,2.8148
14779,mp-581024,Cs1K2Sb1,CsK2Sb,1.0,0.6985050587933284,1.0,1.0,1.0,0.6667413694795771,1.0,0.999970806107727,0.8613999999999997
15122,mp-610917,O2,O2,1.0,0.7803817392533071,1.0,1.0,1.0,0.5206177046746823,1.0,0.999970806107727,1.3135999999999999
15123,mp-611219,Hg1,Hg,1.0,0.9999997439687558,1.0,1.0,1.0,0.7797522893772892,1.0,0.999970806107727,1.7609000000000001
15125,mp-611517,Xe1,Xe,1.0,0.9999972859745282,1.0,1.0,1.0,0.8738044871794872,1.0,0.999970806107727,6.3661
15127,mp-612118,Kr1,Kr,1.0,0.9999982621280448,1.0,1.0,1.0,0.9038044871794872,1.0,0.999970806107727,7.1828
15140,mp-614456,He1,He,1.0,0.9999999977955993,1.0,1.0,1.0,0.8361018598717167,1.0,0.999970806107727,17.9023
15375,mp-629458,B1C2N1,BC2N,1.0,0.9972609387493694,1.0,1.0,1.0,0.8896057816569577,1.0,0.999970806107727,1.8462999999999994
15379,mp-630227,C60,C,1.0,0.9688595016092777,1.0,1.0,1.0,0.68,1.0,0.999970806107727,0.9100000000000001
15401,mp-632291,H2,H2,1.0,0.9965943055418666,1.0,1.0,1.0,0.6225544871794871,1.0,0.999970806107727,9.0012
15435,mp-634659,H1,H2,1.0,0.9999334591626649,1.0,1.0,1.0,0.6595890393588963,1.0,0.999970806107727,7.5517
15443,mp-635413,Cs3Bi1,Cs3Bi,1.0,0.7051201441365509,1.0,1.0,1.0,0.7726462302987532,1.0,0.999970806107727,0.3573999999999997
15446,mp-636368,Ga12Fe4,Ga3Fe,1.0,0.978197552691266,1.0,1.0,1.0,0.6631320857894317,1.0,0.999970806107727,0.5750000000000002
15515,mp-640075,Fe8Si8Ge8,FeSiGe,1.0,0.9798852650460537,1.0,1.0,1.0,0.5073468859233219,1.0,0.999970806107727,0.4360999999999997
15576,mp-642462,B6C20N6,B3C10N3,1.0,0.6836382506085951,1.0,1.0,1.0,0.6335714285714286,1.0,0.999970806107727,0.1892999999999998
15771,mp-644751,B4N4,BN,1.0,0.9989428131198202,1.0,1.0,1.0,0.8063141149902912,1.0,0.9965068677612621,5.6697
16142,mp-667273,C60,C,1.0,0.9999868777298881,1.0,1.0,1.0,0.719375,1.0,0.999970806107727,1.237
16256,mp-672233,N4,N2,1.0,0.9993839571984255,1.0,1.0,1.0,0.6307029994728564,1.0,0.999970806107727,6.6385000000000005
16257,mp-672234,N4,N2,1.0,0.9997607302766722,1.0,1.0,1.0,0.7705248024078669,1.0,0.999970806107727,3.0174999999999996
16280,mp-675577,Mn1In2Te4,Mn(InTe2)2,1.0,0.6556869195259001,1.0,1.0,1.0,0.5559714359107513,1.0,0.999970806107727,0.11940000000000017
16284,mp-676250,Bi2Te4Pb1,Bi2Te4Pb,1.0,0.9995517779727657,1.0,1.0,1.0,0.694427128688921,1.0,0.999970806107727,0.5150000000000006
16394,mp-680372,C60,C,1.0,0.9687174912275555,1.0,1.0,1.0,0.68,1.0,0.999970806107727,0.7132000000000001
16471,mp-683919,C140,C,1.0,0.9913433069536944,1.0,1.0,1.0,0.7033333333333333,1.0,0.999970806107727,1.1035
16514,mp-685022,Te4Pb4,TePb,1.0,0.979047801114973,1.0,1.0,1.0,0.6186533191651116,1.0,0.999970806107727,0.7254000000000005
16675,mp-696746,B12C3,B4C,1.0,0.6446876681135203,1.0,1.0,1.0,0.6123979885057471,1.0,0.999970806107727,1.6401000000000003
18002,mp-753304,Hg1,Hg,1.0,0.9999998093539691,1.0,1.0,1.0,0.8178044871794873,1.0,0.999970806107727,0.6321
18445,mp-866375,Ti1Fe2Ge1,TiFe2Ge,1.0,0.9995259004434012,1.0,1.0,1.0,0.8196671473612304,1.0,0.999970806107727,0.1639999999999997
18539,mp-924130,Ti1Ni1Sn1,TiNiSn,1.0,0.6184839172624313,1.0,1.0,1.0,0.5688045394931355,1.0,0.999970806107727,0.4527000000000001
18549,mp-966800,In2P2,InP,1.0,0.9995821688113393,1.0,1.0,1.0,0.8732702755957442,1.0,0.999970806107727,0.5137999999999998
18552,mp-971712,Zn1Cd1S2,ZnCdS2,1.0,0.9832353252602575,1.0,1.0,1.0,0.7892157813843326,1.0,0.999970806107727,1.3685999999999998
18653,mp-981379,Zn3Cd1S4,Zn3CdS4,1.0,0.5595734834496819,1.0,1.0,1.0,0.8359190787945876,1.0,0.999970806107727,1.6798
18688,mp-997618,B1Sb1,BSb,1.0,0.9997940435399145,1.0,1.0,1.0,0.8708388491858038,1.0,0.999970806107727,1.0137
18689,mp-998980,Ti1Al1Fe1Co1,TiAlFeCo,1.0,0.9990206915240978,1.0,1.0,1.0,0.8050838140278971,1.0,0.999970806107727,0.12069999999999936
18706,mp-999447,Na1Sm1Te2,NaSmTe2,1.0,0.8183895852728349,1.0,1.0,1.0,0.6228535506465931,1.0,0.999970806107727,1.2191999999999998
18717,mp-999495,Na3N1,Na3N,1.0,0.6754797687160148,1.0,1.0,1.0,0.5289345618742054,1.0,0.999970806107727,0.14780000000000015
18718,mp-999498,N4,N2,1.0,0.9998809791183562,1.0,1.0,1.0,0.8928437953555879,1.0,0.999970806107727,4.017399999999999
18728,mp-1001831,Li2B2,LiB,1.0,0.904162009369918,1.0,1.0,1.0,0.6770775039333587,1.0,0.999970806107727,1.4331000000000005
18729,mp-1002124,Hf1C1,HfC,1.0,0.9907331849509889,1.0,1.0,1.0,0.7906623240132278,1.0,0.999970806107727,0.5773999999999999
18730,mp-1002164,Ge1C1,GeC,1.0,0.9994975579681535,1.0,1.0,1.0,0.8196298875342896,1.0,0.999970806107727,1.8485999999999994
18739,mp-1006880,Bi1B1,BiB,1.0,0.9978692847725272,1.0,1.0,1.0,0.8685691902824157,1.0,0.999970806107727,0.35570000000000057
18747,mp-1007776,Tl1P1,TlP,1.0,0.9996728568614845,1.0,1.0,1.0,0.867391515405146,1.0,0.999970806107727,0.12659999999999982
18752,mp-1008223,Ca1Se1,CaSe,1.0,0.9633107751263067,1.0,1.0,1.0,0.7950496401562687,1.0,0.999970806107727,3.1573
18753,mp-1008394,Cl4,Cl2,1.0,0.9944155861496576,1.0,1.0,1.0,0.7301829220659865,1.0,0.999970806107727,2.2818
18756,mp-1008523,B1C2N1,BC2N,1.0,0.999304546175126,1.0,1.0,1.0,0.8983094853606615,1.0,0.999970806107727,1.6460000000000008
18758,mp-1008528,B2As1P1,B2AsP,1.0,0.9928964381756071,1.0,1.0,1.0,0.8195575245035986,1.0,0.999970806107727,1.4447
18759,mp-1008556,Al1Ga1N2,AlGaN2,1.0,0.9763578527729648,1.0,1.0,1.0,0.7875763926497729,1.0,0.999970806107727,2.6691000000000003
18761,mp-1008559,B2P2,BP,1.0,0.9956325153864765,1.0,1.0,1.0,0.9082030925516216,1.0,0.999970806107727,1.0758999999999999
18767,mp-1008786,Mg1Te1,MgTe,1.0,0.664509372314249,1.0,1.0,1.0,0.8077505656108598,1.0,0.999970806107727,0.6288999999999998
18774,mp-1009127,Mg1O1,MgO,1.0,0.9781074225607546,1.0,1.0,1.0,0.6676912943013658,1.0,0.8246637655407562,2.9211
18775,mp-1009129,Mg1O1,MgO,1.0,0.6876847805689171,1.0,1.0,1.0,0.5525995511820997,1.0,0.9050022605745405,3.0230000000000006
18776,mp-1009220,Na1H1,NaH,1.0,0.7723669918888986,1.0,1.0,1.0,0.5509373629946535,1.0,0.999970806107727,1.4998
18777,mp-1009490,O2,O2,1.0,0.9738159847778732,1.0,1.0,1.0,0.5507029994728564,1.0,0.999970806107727,1.6300999999999997
18778,mp-1009540,Os1C1,OsC,1.0,0.9954062536458409,1.0,1.0,1.0,0.7725653095634616,1.0,0.999970806107727,0.17010000000000058
18781,mp-1009639,Pr1N1,PrN,1.0,0.7654263118079548,1.0,1.0,1.0,0.7593444801527031,1.0,0.999970806107727,1.7765000000000004
18785,mp-1009746,Sc1P1,ScP,1.0,0.7753899619503264,1.0,1.0,1.0,0.7724619220012374,1.0,0.999970806107727,1.6774999999999998
18788,mp-1009756,Ca2Pb1,Ca2Pb,1.0,0.5652882799362365,1.0,1.0,1.0,0.5662265437658591,1.0,0.999970806107727,0.7694999999999999
18789,mp-1009792,Ru1C1,RuC,1.0,0.9867858453022164,1.0,1.0,1.0,0.7965716363079959,1.0,0.999970806107727,0.7149000000000001
18790,mp-1009813,Si1Sn1,SiSn,1.0,0.9999350043201289,1.0,1.0,1.0,0.8799095994545597,1.0,0.999970806107727,0.41139999999999954
18791,mp-1009818,C1N2,CN2,1.0,0.9658007261945784,1.0,1.0,1.0,0.8367083333333335,1.0,0.9969131534086675,0.15670000000000073
18793,mp-1009820,Sn1C1,SnC,1.0,0.9998089158871456,1.0,1.0,1.0,0.840139699402544,1.0,0.999970806107727,0.6336999999999993
18795,mp-1009894,Zr1C1,ZrC,1.0,0.993576548550227,1.0,1.0,1.0,0.8219528892526172,1.0,0.999970806107727,0.5468999999999999
18807,mp-1017534,Zn1Cd1Se2,ZnCdSe2,1.0,0.8767084414401676,1.0,1.0,1.0,0.8095052816530885,1.0,0.999970806107727,1.8588
18823,mp-1018040,Mg2Se2,MgSe,1.0,0.9947071253579998,1.0,1.0,1.0,0.8932493307379837,1.0,0.999970806107727,2.5791
18835,mp-1018100,Al2Sb2,AlSb,1.0,0.999672889181005,1.0,1.0,1.0,0.8818607616862305,1.0,0.999970806107727,0.9120999999999997
18836,mp-1018115,Pb2S2,PbS,1.0,0.8556193033163906,1.0,1.0,1.0,0.5836354798285224,1.0,0.999970806107727,1.2720000000000002
18837,mp-1018118,Tm1Sb1Pd1,TmSbPd,1.0,0.7325913946328941,1.0,1.0,1.0,0.6465642424704925,1.0,0.999970806107727,0.3247
18838,mp-1018132,Al1Bi1,AlBi,1.0,0.9995766535093423,1.0,1.0,1.0,0.8020283932332003,1.0,0.999970806107727,0.30189999999999984
18842,mp-1018139,Ho1Ni1Bi1,HoNiBi,1.0,0.9349490653217306,1.0,1.0,1.0,0.6020434761894599,1.0,0.999970806107727,0.25150000000000006
18855,mp-1018722,Hg3Se3,HgSe,1.0,0.9892898700698479,1.0,1.0,1.0,0.5961177880295804,1.0,0.999970806107727,1.0508000000000002
18868,mp-1019086,C2N4,CN2,1.0,0.9680119038504007,1.0,1.0,1.0,0.5606896551724138,1.0,0.999970806107727,4.7919
18878,mp-1019380,Al3B1N4,Al3BN4,1.0,0.9399580466682178,1.0,1.0,1.0,0.7876989533778544,1.0,0.7480647544897598,3.6069000000000004
18880,mp-1019508,Al1Ga3N4,AlGa3N4,1.0,0.988410588080461,1.0,1.0,1.0,0.8178134818516507,1.0,0.999970806107727,2.8190999999999997
19151,mp-1025397,Ge4Ru4,GeRu,1.0,0.9729241538464317,1.0,1.0,1.0,0.7648169381919314,1.0,0.999970806107727,0.16600000000000037
19157,mp-1056920,Cs1I1,CsI,1.0,0.8694501231308797,1.0,1.0,1.0,0.7222370268620268,1.0,0.999970806107727,4.2301
19158,mp-1057015,Pb1S1,PbS,1.0,0.9909132512030914,1.0,1.0,1.0,0.7552591624639696,1.0,0.999970806107727,1.0371999999999995
19177,mp-1066781,Br2Cl2,BrCl,1.0,0.8510959311481138,1.0,1.0,1.0,0.6912722267281368,1.0,0.999970806107727,1.8328
19181,mp-1067619,Ge4,Ge,1.0,0.9999821077283951,1.0,1.0,1.0,0.8389021493212669,1.0,0.999970806107727,0.791
19216,mp-1071269,Hg3Te3,HgTe,1.0,0.9961530965076159,1.0,1.0,1.0,0.6558796927914853,1.0,0.999970806107727,0.29479999999999995
19228,mp-1072429,Ga4Ru2,Ga2Ru,1.0,0.9966462342133191,1.0,1.0,1.0,0.8677907588632131,1.0,0.999970806107727,0.1247000000000007
19233,mp-1077098,Hg6,Hg,1.0,0.9992710179688501,1.0,1.0,1.0,0.7144711538461539,1.0,0.999970806107727,1.4741
19238,mp-1077316,C2O4,CO2,1.0,0.5834128689708195,1.0,1.0,1.0,0.53,1.0,0.999970806107727,7.722999999999999
19244,mp-1077595,C2N4,CN2,1.0,0.7193236403176082,1.0,1.0,1.0,0.57,1.0,0.999970806107727,1.1773000000000007
19305,mp-1078500,Pb4S4,PbS,1.0,0.9521281859051249,1.0,1.0,1.0,0.5598796927914852,1.0,0.999970806107727,1.9001000000000001
19309,mp-1078541,B2C4N2,BC2N,1.0,0.664966448116532,1.0,1.0,1.0,0.7473979885057471,1.0,0.9891354924221354,2.375700000000001
19316,mp-1078597,Zn1Cd3Se4,ZnCd3Se4,1.0,0.997892806222615,1.0,1.0,1.0,0.8604741167144142,1.0,0.999970806107727,1.7290999999999999
19347,mp-1078780,Zn1Cd3S4,ZnCd3S4,1.0,0.9912702392342306,1.0,1.0,1.0,0.8454657813843327,1.0,0.999970806107727,1.2163999999999997
19376,mp-1079034,Zn3Cd1Se4,Zn3CdSe4,1.0,0.7879617950653703,1.0,1.0,1.0,0.7196466293096823,1.0,0.999970806107727,2.0469
19392,mp-1079201,B2C4N2,BC2N,1.0,0.95131141650005,1.0,1.0,1.0,0.8196057816569576,1.0,0.999970806107727,1.1736000000000004
19397,mp-1079260,In4Se4,InSe,1.0,0.9759689263010585,1.0,1.0,1.0,0.5975463594581519,1.0,0.999970806107727,0.6560999999999999
19457,mp-1079836,Ga1Si3C3N1,GaSi3C3N,1.0,0.741309951058962,1.0,1.0,1.0,0.7305851454746629,1.0,0.999970806107727,2.7976
19507,mp-1080659,Os4C4,OsC,1.0,0.839139197097893,1.0,1.0,1.0,0.635593622802124,1.0,0.999970806107727,0.2732999999999999
19543,mp-1091375,Pb4S4,PbS,1.0,0.9791592525151238,1.0,1.0,1.0,0.5766508644439069,1.0,0.999970806107727,0.7440999999999995
19546,mp-1091399,O8,O2,1.0,0.9049298511272905,1.0,1.0,1.0,0.5218200432901291,1.0,0.999970806107727,1.4607999999999999
19608,mp-1095507,Sb4Ir4Se4,SbIrSe,1.0,0.7685842306475837,1.0,1.0,1.0,0.5505201210140563,1.0,0.9937617268900373,1.2712000000000003
19651,mp-1101917,Sn1Bi4Te7,SnBi4Te7,1.0,0.9999037048171243,1.0,1.0,1.0,0.6286533191651116,1.0,0.999970806107727,0.6355000000000004
19686,mp-1102430,Sb4Te4Ir4,SbTeIr,1.0,0.9329282966200717,1.0,1.0,1.0,0.5429095767963692,1.0,0.999970806107727,0.966899999999999
19948,mp-1105527,Zn2Cu4Ge2S8,ZnCu2GeS4,1.0,0.7412652095683889,1.0,1.0,1.0,0.7026073909508253,1.0,0.999970806107727,0.49990000000000023
19972,mp-1105655,C12N8,C3N2,1.0,0.6883055680007125,1.0,1.0,1.0,0.6927083333333335,1.0,0.835137099278388,3.2521000000000004
20317,mp-1188347,C12N8,C3N2,1.0,0.5418525783145148,1.0,1.0,1.0,0.54,1.0,0.999970806107727,3.7603
21201,mp-1193675,B28,B,1.0,0.9705195317567101,1.0,1.0,1.0,0.7688437953555878,1.0,0.999970806107727,1.5349000000000004
22122,mp-1196583,C240,C,1.0,0.9997308224506785,1.0,1.0,1.0,0.64,1.0,0.999970806107727,1.3517
22510,mp-1197923,C122O4,C61O2,1.0,0.9720087620097762,1.0,1.0,1.0,0.54,1.0,0.999970806107727,1.2642000000000002
22543,mp-1198022,Ge34,Ge,1.0,0.998937569259114,1.0,1.0,1.0,0.7676794871794873,1.0,0.999970806107727,0.6700999999999999
23082,mp-1199937,K81,K,1.0,0.9546968241119869,1.0,1.0,1.0,0.5875544871794871,1.0,0.999970806107727,0.11930000000000002
